Period,Stock,Total Assets,Investments,Borrowings,Sales,Net Profit,EPS in Rs,Dividend Payout %,Net Cash Flow
2011-03-01,PGEL,160.0,0.0,68.0,424.0,18,,0%,-5.0
2011-12-01,ABB,6319.0,17.0,0.0,7449.0,185,8.72,34%,-321.0
2012-03-01,PGEL,288.0,30.0,78.0,222.0,-9,-0.53,0%,6.0
2012-12-01,ABB,6504.0,17.0,328.0,7608.0,141,6.65,45%,-173.0
2013-03-01,PGEL,288.0,26.0,80.0,303.0,-5,-0.3,0%,
2014-03-01,ADANIPORTS,24677.0,63.0,12979.0,4830.0,1741,8.4,12%,-606.0
2014-03-01,BEL,14980.0,0.0,0.0,6518.0,952,1.2,20%,-23.0
2014-03-01,BHEL,75331.0,6.0,4693.0,39561.0,3502,9.54,20%,4167.0
2014-03-01,CDSL,455.0,375.0,0.0,89.0,50,2.36,42%,-1.0
2014-03-01,CIPLA,13400.0,709.0,1248.0,10173.0,1404,17.29,12%,33.0
2014-03-01,DRREDDY,15906.0,1067.0,4477.0,13415.0,1963,23.08,16%,342.0
2014-03-01,EXIDEIND,12494.0,7890.0,35.0,8254.0,546,6.41,28%,66.0
2014-03-01,IDEA,46557.0,216.0,20637.0,26519.0,1968,1.8,7%,-811.0
2014-03-01,JMFINANCIL,5930.0,495.0,2988.0,1007.0,225,2.77,36%,48.0
2014-03-01,KOLTEPATIL,1873.0,15.0,337.0,764.0,117,12.15,25%,-56.0
2014-03-01,KOTAKBANK,122197.0,38791.0,,,2527,16.0,2%,2125.0
2014-03-01,LAURUSLABS,1273.0,0.0,605.0,1160.0,97,12.64,0%,12.0
2014-03-01,MOTILALOFS,1848.0,293.0,0.0,467.0,42,0.72,70%,55.0
2014-03-01,NMDC,31444.0,219.0,0.0,12058.0,6371,5.36,53%,1376.0
2014-03-01,PRAJIND,1274.0,91.0,21.0,986.0,57,3.08,72%,-24.0
2014-03-01,RELIANCE,428843.0,60602.0,138761.0,433521.0,22548,16.31,12%,-16096.0
2014-03-01,SAIL,94072.0,91.0,26020.0,46804.0,2652,6.42,31%,-158.0
2014-03-01,SUZLON,30261.0,707.0,17059.0,20403.0,-3548,-11.43,0%,489.0
2014-03-01,TATAMOTORS,218426.0,10687.0,60642.0,232834.0,14050,48.46,5%,4277.0
2014-03-01,VEDL,214120.0,37910.0,80566.0,66152.0,11421,21.25,15%,7659.0
2014-03-01,YESBANK,109005.0,40933.0,,,1611,8.94,18%,1826.0
2014-03-01,ZYDUSLIFE,7986.0,87.0,2700.0,7224.0,836,7.85,23%,-64.0
2015-03-01,ADANIPORTS,32082.0,260.0,17776.0,6152.0,2324,11.18,10%,335.0
2015-03-01,BEL,15729.0,0.0,25.0,7093.0,1197,1.51,20%,386.0
2015-03-01,BHEL,70983.0,6.0,1889.0,31323.0,1450,3.96,20%,-2071.0
2015-03-01,CDSL,491.0,389.0,0.0,105.0,43,2.09,53%,0.0
2015-03-01,CIPLA,15670.0,640.0,1703.0,11345.0,1229,14.71,14%,388.0
2015-03-01,DRREDDY,18457.0,2248.0,4314.0,15023.0,2336,27.43,15%,-280.0
2015-03-01,EXIDEIND,13887.0,8817.0,58.0,9471.0,616,7.23,30%,-79.0
2015-03-01,HAL,64339.0,570.0,165.0,15939.0,2399,24.89,20%,
2015-03-01,IDEA,60467.0,11527.0,26859.0,31571.0,3193,2.7,7%,12720.0
2015-03-01,JMFINANCIL,8505.0,640.0,4723.0,1342.0,379,4.22,32%,-215.0
2015-03-01,KOLTEPATIL,2066.0,6.0,378.0,697.0,102,8.62,23%,-19.0
2015-03-01,KOTAKBANK,148464.0,45589.0,,,3105,19.72,2%,260.0
2015-03-01,LAURUSLABS,1888.0,7.0,888.0,1327.0,68,8.81,0%,24.0
2015-03-01,MOTILALOFS,2945.0,814.0,795.0,772.0,145,2.56,29%,44.0
2015-03-01,NMDC,34464.0,319.0,0.0,12356.0,6351,5.34,53%,33.0
2015-03-01,PAYTM,701.0,112.0,0.0,323.0,-372,-123.02,0%,104.0
2015-03-01,PRAJIND,1144.0,158.0,17.0,1012.0,78,4.3,38%,33.0
2015-03-01,RELIANCE,504486.0,76451.0,168251.0,374372.0,23640,17.07,12%,-21888.0
2015-03-01,SAIL,102849.0,61.0,32146.0,46032.0,1939,4.93,41%,63.0
2015-03-01,SUZLON,21731.0,266.0,17811.0,19954.0,-9133,-19.95,0%,95.0
2015-03-01,TATAMOTORS,237315.0,15337.0,73610.0,263159.0,14073,48.44,0%,4500.0
2015-03-01,VEDL,190281.0,39606.0,77752.0,73710.0,-11369,-52.77,-8%,-284.0
2015-03-01,YESBANK,136143.0,43193.0,,,1997,9.56,19%,1666.0
2015-03-01,ZYDUSLIFE,9047.0,154.0,2651.0,8651.0,1188,11.24,21%,178.0
2016-03-01,ADANIPORTS,38385.0,545.0,22342.0,7109.0,2856,13.99,8%,398.0
2016-03-01,BEL,18605.0,462.0,28.0,7354.0,1337,1.69,31%,472.0
2016-03-01,BHEL,65577.0,796.0,211.0,25505.0,-706,-1.92,-14%,275.0
2016-03-01,CDSL,553.0,457.0,0.0,123.0,91,4.35,29%,1.0
2016-03-01,CIPLA,21049.0,759.0,5202.0,13790.0,1383,16.93,12%,312.0
2016-03-01,DRREDDY,20330.0,3833.0,3352.0,15568.0,2131,24.98,16%,-47.0
2016-03-01,EXIDEIND,15370.0,10446.0,115.0,9477.0,700,8.2,29%,87.0
2016-03-01,HAL,56532.0,916.0,80.0,16758.0,2004,27.72,31%,
2016-03-01,IDEA,80126.0,3471.0,40541.0,35949.0,2728,2.3,8%,-770.0
2016-03-01,JMFINANCIL,11061.0,772.0,6672.0,1685.0,526,5.08,29%,651.0
2016-03-01,KOLTEPATIL,2771.0,3.0,791.0,754.0,62,7.77,19%,18.0
2016-03-01,KOTAKBANK,240804.0,70274.0,,,3524,18.86,3%,4696.0
2016-03-01,LAURUSLABS,2224.0,7.0,1094.0,1778.0,134,16.97,2%,-27.0
2016-03-01,MOTILALOFS,5090.0,1231.0,2589.0,1080.0,172,2.97,29%,96.0
2016-03-01,NMDC,32756.0,592.0,1497.0,6456.0,2544,2.14,171%,-144.0
2016-03-01,PAYTM,3450.0,2308.0,15.0,855.0,-1535,-331.99,0%,304.0
2016-03-01,PRAJIND,1157.0,145.0,16.0,1024.0,82,4.63,35%,-15.0
2016-03-01,RELIANCE,598997.0,84015.0,194714.0,272583.0,29861,21.51,10%,-1262.0
2016-03-01,SAIL,101527.0,2280.0,35141.0,38793.0,-4176,-10.11,0%,-20.0
2016-03-01,SUZLON,9723.0,393.0,11414.0,9483.0,583,0.94,0%,-1914.0
2016-03-01,TATAMOTORS,263184.0,23767.0,69360.0,273046.0,11678,40.11,1%,-2589.0
2016-03-01,VEDL,191980.0,53386.0,67778.0,64262.0,-17862,-41.39,-8%,1206.0
2016-03-01,YESBANK,165243.0,48788.0,,,2530,12.03,17%,662.0
2016-03-01,ZYDUSLIFE,10350.0,416.0,2442.0,9427.0,1964,18.89,17%,99.0
2017-03-01,ADANIGREEN,6160.0,26.0,4347.0,502.0,-47,-0.37,0%,76.0
2017-03-01,ADANIPORTS,43369.0,1161.0,22214.0,8439.0,3902,18.89,7%,109.0
2017-03-01,BEL,17600.0,491.0,64.0,8656.0,1523,2.07,33%,197.0
2017-03-01,BHEL,61698.0,757.0,156.0,28465.0,455,1.25,85%,-473.0
2017-03-01,CDSL,606.0,503.0,0.0,146.0,87,4.1,37%,29.0
2017-03-01,CIPLA,20869.0,973.0,4113.0,14394.0,1035,12.51,16%,-248.0
2017-03-01,DRREDDY,21654.0,2110.0,4918.0,14196.0,1292,15.59,26%,-114.0
2017-03-01,EXIDEIND,17765.0,11884.0,187.0,11179.0,804,9.42,25%,28.0
2017-03-01,HAL,51744.0,994.0,1022.0,17950.0,2625,36.3,30%,2443.0
2017-03-01,IDEA,96668.0,6378.0,55055.0,35576.0,-400,-0.34,0%,-574.0
2017-03-01,JMFINANCIL,16545.0,2156.0,9444.0,2359.0,649,5.92,25%,-448.0
2017-03-01,KOLTEPATIL,2862.0,4.0,762.0,964.0,85,11.51,14%,10.0
2017-03-01,KOTAKBANK,276188.0,68462.0,,,5019,26.84,2%,13989.0
2017-03-01,LAURUSLABS,2653.0,3.0,842.0,1905.0,190,3.6,8%,-10.0
2017-03-01,MOTILALOFS,8439.0,1767.0,5067.0,1923.0,371,6.23,22%,125.0
2017-03-01,NMDC,25784.0,612.0,0.0,8828.0,2543,2.68,64%,31.0
2017-03-01,PRAJIND,1187.0,134.0,4.0,915.0,45,2.49,65%,9.0
2017-03-01,RELIANCE,706802.0,82899.0,217475.0,303954.0,29833,21.55,11%,-8034.0
2017-03-01,SAIL,107843.0,2475.0,41396.0,44210.0,-2756,-6.67,0%,-5.0
2017-03-01,SUZLON,12160.0,670.0,11114.0,12714.0,852,1.38,0%,-290.0
2017-03-01,TATAMOTORS,272580.0,20338.0,78604.0,269693.0,7557,25.82,0%,-3167.0
2017-03-01,VEDL,196946.0,46962.0,71569.0,72225.0,11316,23.47,83%,8339.0
2017-03-01,YESBANK,215060.0,49982.0,,,3340,14.63,16%,11336.0
2017-03-01,ZYDUSLIFE,15104.0,435.0,5207.0,9376.0,1517,14.53,22%,756.0
2018-03-01,ADANIGREEN,15709.0,87.0,9864.0,1480.0,-138,-1.0,0%,162.0
2018-03-01,ADANIPORTS,47233.0,1079.0,22370.0,11323.0,3690,17.74,11%,-127.0
2018-03-01,BEL,18965.0,937.0,80.0,10401.0,1431,1.96,34%,-1895.0
2018-03-01,BHEL,63940.0,429.0,110.0,28827.0,438,1.2,151%,1283.0
2018-03-01,CDSL,690.0,521.0,0.0,188.0,104,4.94,35%,-26.0
2018-03-01,CIPLA,22673.0,1259.0,4098.0,15156.0,1417,17.52,17%,243.0
2018-03-01,DRREDDY,22349.0,2298.0,5071.0,14281.0,947,11.41,35%,-124.0
2018-03-01,EXIDEIND,19815.0,12490.0,60.0,12808.0,694,8.13,30%,-6.0
2018-03-01,HAL,48463.0,1010.0,905.0,18520.0,1990,29.76,54%,-2691.0
2018-03-01,IDEA,98511.0,7290.0,57985.0,28279.0,-4168,-2.91,0%,-46.0
2018-03-01,JMFINANCIL,22206.0,2388.0,14988.0,3062.0,785,7.17,25%,247.0
2018-03-01,KOLTEPATIL,2662.0,0.0,690.0,1403.0,154,16.03,12%,13.0
2018-03-01,KOTAKBANK,337720.0,90977.0,,,6258,32.54,2%,-1188.0
2018-03-01,LAURUSLABS,3017.0,3.0,980.0,2056.0,168,3.16,9%,1.0
2018-03-01,MOTILALOFS,10411.0,2807.0,5323.0,2751.0,632,10.72,20%,-7.0
2018-03-01,NMDC,28691.0,673.0,500.0,11615.0,3808,4.01,36%,-46.0
2018-03-01,PRAJIND,1133.0,201.0,6.0,917.0,39,2.18,74%,8.0
2018-03-01,RELIANCE,811273.0,82862.0,239843.0,390823.0,36080,26.69,10%,1266.0
2018-03-01,SAIL,115694.0,2629.0,45409.0,57496.0,-281,-0.68,0%,-47.0
2018-03-01,SUZLON,11121.0,67.0,11996.0,8116.0,-384,-0.57,0%,245.0
2018-03-01,TATAMOTORS,327192.0,20813.0,88950.0,291550.0,9091,31.13,0%,730.0
2018-03-01,VEDL,180367.0,28700.0,58159.0,91866.0,13692,27.82,76%,-6409.0
2018-03-01,YESBANK,312450.0,68293.0,,,4233,18.38,15%,5199.0
2018-03-01,ZYDUSLIFE,17783.0,746.0,5407.0,11905.0,1810,17.35,20%,-3.0
2019-03-01,ADANIGREEN,14658.0,77.0,11142.0,2058.0,-475,-3.03,0%,3.0
2019-03-01,ADANIPORTS,56311.0,782.0,27712.0,10925.0,4045,19.27,1%,3975.0
2019-03-01,BEL,20821.0,964.0,34.0,12164.0,1887,2.58,44%,-45.0
2019-03-01,BHEL,64490.0,152.0,2598.0,30441.0,1002,2.89,69%,-1973.0
2019-03-01,CDSL,784.0,593.0,0.0,196.0,115,5.43,37%,-1.0
2019-03-01,CIPLA,23762.0,2554.0,4316.0,16362.0,1492,18.96,16%,-345.0
2019-03-01,DRREDDY,22418.0,2587.0,3838.0,15448.0,1950,23.49,17%,-31.0
2019-03-01,EXIDEIND,22431.0,14328.0,89.0,14721.0,847,9.95,24%,32.0
2019-03-01,HAL,51496.0,910.0,4116.0,20008.0,2328,34.82,28%,-80.0
2019-03-01,IDEA,229652.0,8239.0,125940.0,37092.0,-14604,-5.08,0%,758.0
2019-03-01,JMFINANCIL,22640.0,2933.0,13991.0,3494.0,837,6.81,15%,103.0
2019-03-01,KOLTEPATIL,3627.0,3.0,807.0,866.0,99,9.95,24%,-36.0
2019-03-01,KOTAKBANK,395171.0,103487.0,,,7204,37.74,2%,6864.0
2019-03-01,KPITTECH,1674.0,50.0,132.0,641.0,55,1.98,37%,201.0
2019-03-01,LAURUSLABS,3331.0,3.0,1036.0,2292.0,94,1.76,17%,0.0
2019-03-01,MOTILALOFS,10360.0,2686.0,5158.0,2450.0,298,5.04,42%,68.0
2019-03-01,NMDC,29891.0,859.0,364.0,12153.0,4617,5.03,37%,11.0
2019-03-01,PAYTM,8764.0,2849.0,932.0,3224.0,-4231,-726.78,0%,-460.0
2019-03-01,PRAJIND,1247.0,211.0,0.0,1141.0,68,3.73,57%,-14.0
2019-03-01,RELIANCE,997630.0,235635.0,307714.0,568337.0,39837,29.28,10%,3745.0
2019-03-01,SAIL,118201.0,2975.0,45170.0,66973.0,2349,5.69,9%,-28.0
2019-03-01,SKIPPER,1653.0,9.0,523.0,1871.0,31,2.76,8%,0.0
2019-03-01,SUZLON,8871.0,20.0,11552.0,5025.0,-1537,-2.32,0%,-506.0
2019-03-01,TATAMOTORS,305703.0,15771.0,106175.0,301938.0,-28724,-99.84,0%,6843.0
2019-03-01,VEDL,198568.0,33065.0,66226.0,92048.0,9698,19.01,99%,2918.0
2019-03-01,YESBANK,380860.0,89329.0,,,1709,7.38,27%,2231.0
2019-03-01,ZYDUSLIFE,23231.0,674.0,7899.0,13166.0,1899,18.06,19%,-811.0
2020-03-01,ADANIGREEN,18424.0,476.0,14866.0,2549.0,-68,-0.15,0%,383.0
2020-03-01,ADANIPORTS,61917.0,1178.0,30242.0,11873.0,3785,18.52,17%,2397.0
2020-03-01,BEL,24351.0,1110.0,8.0,12968.0,1825,2.5,37%,861.0
2020-03-01,BHEL,60291.0,162.0,5080.0,21463.0,-1468,-4.21,0%,608.0
2020-03-01,CDSL,862.0,665.0,0.0,225.0,107,5.08,44%,-1.0
2020-03-01,CIPLA,23423.0,1471.0,2816.0,17132.0,1500,19.18,21%,234.0
2020-03-01,DRREDDY,23223.0,2678.0,2210.0,17517.0,2026,24.38,21%,-27.0
2020-03-01,EXIDEIND,24351.0,15816.0,196.0,14471.0,762,9.14,45%,-9.0
2020-03-01,HAL,54203.0,991.0,5927.0,21445.0,2883,43.1,39%,252.0
2020-03-01,IDEA,226918.0,1979.0,114996.0,44958.0,-73878,-25.71,0%,-389.0
2020-03-01,JMFINANCIL,20746.0,4014.0,11756.0,3446.0,778,6.48,3%,58.0
2020-03-01,KAYNES,378.0,2.0,153.0,368.0,9,13.94,0%,0.0
2020-03-01,KOLTEPATIL,3730.0,1.0,747.0,1130.0,100,9.55,0%,39.0
2020-03-01,KOTAKBANK,443173.0,111197.0,,,8593,44.92,0%,32815.0
2020-03-01,KPITTECH,1637.0,9.0,204.0,2156.0,148,5.38,18%,75.0
2020-03-01,LAURUSLABS,3750.0,3.0,1079.0,2832.0,255,4.77,10%,-1.0
2020-03-01,MOTILALOFS,10084.0,3088.0,4627.0,2358.0,190,3.1,32%,470.0
2020-03-01,NMDC,31294.0,910.0,566.0,11699.0,3573,3.89,45%,60.0
2020-03-01,PAYTM,10302.0,3740.0,428.0,3279.0,-2942,-470.27,0%,786.0
2020-03-01,PRAJIND,1162.0,164.0,0.0,1102.0,70,3.85,70%,-18.0
2020-03-01,RELIANCE,1163015.0,276767.0,355133.0,596679.0,39880,29.1,10%,19839.0
2020-03-01,SAIL,127198.0,3240.0,54127.0,61664.0,2121,5.13,0%,125.0
2020-03-01,SKIPPER,1713.0,9.0,454.0,1391.0,41,3.65,2%,0.0
2020-03-01,SUZLON,6530.0,20.0,13210.0,2973.0,-2692,-4.01,0%,8.0
2020-03-01,TATAMOTORS,320179.0,16308.0,124788.0,261068.0,-11975,-39.08,0%,-3092.0
2020-03-01,VEDL,180737.0,24753.0,59187.0,84447.0,-4744,-17.93,-22%,-2172.0
2020-03-01,YESBANK,257832.0,43748.0,,,-16433,-13.09,0%,-18555.0
2020-03-01,ZYDUSLIFE,23477.0,765.0,7986.0,14253.0,1204,11.49,30%,399.0
2021-03-01,ADANIGREEN,28692.0,502.0,24209.0,3124.0,182,1.34,0%,-453.0
2021-03-01,ADANIPORTS,74582.0,2236.0,35855.0,12550.0,5049,24.58,20%,-2994.0
2021-03-01,BEL,29492.0,1306.0,3.0,14109.0,2100,2.87,46%,1422.0
2021-03-01,BHEL,55960.0,185.0,4951.0,17309.0,-2700,-7.75,0%,123.0
2021-03-01,CDSL,1084.0,709.0,0.0,344.0,201,9.59,47%,38.0
2021-03-01,CIPLA,24855.0,2710.0,2014.0,19160.0,2389,29.82,17%,141.0
2021-03-01,DRREDDY,26588.0,2212.0,3031.0,19048.0,1952,23.47,21%,1286.0
2021-03-01,EXIDEIND,28406.0,18807.0,509.0,10359.0,803,9.53,21%,11.0
2021-03-01,HAL,53096.0,1121.0,53.0,22882.0,3246,48.53,31%,6867.0
2021-03-01,HINDZINC,45727.0,12957.0,7201.0,22629.0,7980,18.89,113%,-1565.0
2021-03-01,IDEA,203478.0,4.0,201720.0,41952.0,-44233,-15.39,0%,-17.0
2021-03-01,JMFINANCIL,23378.0,5802.0,12405.0,3211.0,808,6.19,8%,16.0
2021-03-01,KAYNES,419.0,2.0,141.0,421.0,10,14.31,0%,2.0
2021-03-01,KOLTEPATIL,3901.0,18.0,678.0,692.0,-5,-0.73,0%,32.0
2021-03-01,KOTAKBANK,478854.0,156946.0,,,9990,50.41,2%,-16363.0
2021-03-01,KPITTECH,1968.0,127.0,230.0,2036.0,147,5.33,28%,10.0
2021-03-01,LAURUSLABS,5751.0,3.0,1482.0,4814.0,984,18.33,11%,47.0
2021-03-01,MOTILALOFS,14041.0,3922.0,5693.0,3626.0,1265,21.49,12%,449.0
2021-03-01,NMDC,36930.0,875.0,2000.0,15370.0,6277,7.14,36%,359.0
2021-03-01,PAYTM,9151.0,413.0,612.0,2801.0,-1701,-280.42,0%,-371.0
2021-03-01,PGEL,580.0,0.0,185.0,703.0,12,0.59,0%,-4.0
2021-03-01,PRAJIND,1594.0,335.0,18.0,1305.0,81,4.42,49%,55.0
2021-03-01,RELIANCE,1320065.0,364828.0,278962.0,466307.0,53739,38.75,9%,-13523.0
2021-03-01,SAIL,118090.0,3442.0,37677.0,69114.0,4148,10.04,28%,328.0
2021-03-01,SKIPPER,1919.0,10.0,448.0,1582.0,21,1.9,5%,0.0
2021-03-01,SUZLON,6601.0,23.0,6925.0,3346.0,104,0.1,0%,180.0
2021-03-01,TATAMOTORS,341570.0,24620.0,142131.0,249795.0,-13395,-40.51,0%,13232.0
2021-03-01,VEDL,183496.0,16660.0,57669.0,88021.0,15032,31.21,30%,-263.0
2021-03-01,YESBANK,273593.0,43115.0,,,-3489,-1.39,0%,20895.0
2021-03-01,ZYDUSLIFE,23765.0,830.0,4608.0,14404.0,2185,20.84,17%,-90.0
2022-03-01,ADANIGREEN,58954.0,574.0,52832.0,5133.0,489,3.13,0%,383.0
2022-03-01,ADANIPORTS,98328.0,3161.0,47935.0,17119.0,4953,23.13,22%,4341.0
2022-03-01,BEL,33912.0,1572.0,53.0,15368.0,2400,3.28,46%,-1742.0
2022-03-01,BHEL,56991.0,205.0,4830.0,21211.0,445,1.28,31%,-787.0
2022-03-01,CDSL,1326.0,925.0,0.0,551.0,312,14.89,50%,44.0
2022-03-01,CIPLA,26857.0,2551.0,1056.0,21763.0,2547,31.19,16%,-132.0
2022-03-01,DRREDDY,29746.0,2616.0,3384.0,21545.0,2182,26.23,23%,3.0
2022-03-01,EXIDEIND,13902.0,5558.0,520.0,12789.0,4357,51.38,4%,-45.0
2022-03-01,HAL,60254.0,1363.0,49.0,24620.0,5080,75.96,26%,-4076.0
2022-03-01,HINDZINC,44670.0,15052.0,2844.0,29440.0,9629,22.79,79%,1279.0
2022-03-01,IDEA,194029.0,5.0,213761.0,38516.0,-28245,-8.79,0%,1103.0
2022-03-01,JMFINANCIL,25661.0,3639.0,13498.0,3724.0,992,8.1,20%,437.0
2022-03-01,KAYNES,622.0,2.0,189.0,706.0,42,9.03,0%,4.0
2022-03-01,KOLTEPATIL,3970.0,61.0,541.0,1117.0,85,10.45,19%,34.0
2022-03-01,KOTAKBANK,546498.0,164529.0,,,12089,60.91,2%,4949.0
2022-03-01,KPITTECH,2336.0,129.0,227.0,2432.0,276,10.0,31%,56.0
2022-03-01,LAURUSLABS,6968.0,31.0,1777.0,4936.0,832,15.4,13%,27.0
2022-03-01,MOTILALOFS,16860.0,4685.0,6152.0,4298.0,1312,21.97,11%,845.0
2022-03-01,NMDC,24912.0,895.0,1800.0,25965.0,9429,10.72,46%,-339.0
2022-03-01,PAYTM,17991.0,1230.0,222.0,4974.0,-2396,-36.9,0%,1334.0
2022-03-01,PGEL,1069.0,1.0,399.0,1112.0,37,1.74,0%,16.0
2022-03-01,PRAJIND,2218.0,463.0,21.0,2343.0,150,8.18,51%,6.0
2022-03-01,RELIANCE,1498622.0,394264.0,319158.0,694673.0,67845,44.87,9%,18781.0
2022-03-01,SAIL,120381.0,3757.0,17284.0,103477.0,12243,29.64,30%,-387.0
2022-03-01,SKIPPER,2084.0,7.0,575.0,1707.0,25,2.23,4%,0.0
2022-03-01,SUZLON,6475.0,0.0,6465.0,6582.0,-177,-0.17,0%,238.0
2022-03-01,TATAMOTORS,329061.0,29380.0,146449.0,278454.0,-11309,-34.46,0%,6459.0
2022-03-01,VEDL,193947.0,17291.0,53583.0,132732.0,23710,50.58,89%,3817.0
2022-03-01,YESBANK,318578.0,51754.0,,,1064,0.42,0%,17423.0
2022-03-01,ZYDUSLIFE,27642.0,3288.0,4221.0,15110.0,4618,43.83,6%,219.0
2023-03-01,ADANIGREEN,66909.0,1149.0,54223.0,7776.0,973,6.15,0%,435.0
2023-03-01,ADANIPORTS,112563.0,7432.0,53434.0,20852.0,5391,24.58,20%,-7550.0
2023-03-01,BEL,35490.0,650.0,61.0,17734.0,2986,4.08,44%,2645.0
2023-03-01,BHEL,57664.0,235.0,5454.0,23365.0,654,1.88,21%,829.0
2023-03-01,CDSL,1457.0,937.0,2.0,555.0,276,13.2,61%,-35.0
2023-03-01,CIPLA,29300.0,3662.0,803.0,22753.0,2833,34.71,24%,-97.0
2023-03-01,DRREDDY,32209.0,4986.0,1347.0,24670.0,4507,54.14,15%,-907.0
2023-03-01,EXIDEIND,14758.0,5106.0,588.0,15078.0,823,9.68,21%,-61.0
2023-03-01,HAL,69276.0,1458.0,52.0,26927.0,5828,87.14,32%,1370.0
2023-03-01,HINDZINC,35467.0,10107.0,11881.0,34098.0,10511,24.88,303%,-1533.0
2023-03-01,IDEA,207243.0,6.0,237766.0,42177.0,-29301,-6.02,0%,-1224.0
2023-03-01,JIOFIN,114930.0,108141.0,743.0,45.0,31,,0%,56.0
2023-03-01,JMFINANCIL,29213.0,3584.0,15939.0,3291.0,709,6.26,29%,-739.0
2023-03-01,KAYNES,1418.0,3.0,155.0,1126.0,95,16.37,0%,19.0
2023-03-01,KOLTEPATIL,4032.0,46.0,561.0,1488.0,113,13.69,29%,79.0
2023-03-01,KOTAKBANK,620430.0,195338.0,,,14925,75.13,2%,-9740.0
2023-03-01,KPITTECH,3341.0,64.0,287.0,3365.0,387,13.9,29%,112.0
2023-03-01,LAURUSLABS,7660.0,50.0,2015.0,6041.0,793,14.67,14%,-30.0
2023-03-01,MOTILALOFS,22949.0,4787.0,10278.0,4178.0,935,15.74,16%,439.0
2023-03-01,NMDC,29953.0,940.0,2128.0,17667.0,5601,6.37,35%,-28.0
2023-03-01,PAYTM,17966.0,2697.0,223.0,7990.0,-1776,-28.02,0%,1931.0
2023-03-01,PGEL,1509.0,2.0,577.0,2160.0,77,3.41,0%,-15.0
2023-03-01,PRAJIND,2619.0,543.0,42.0,3528.0,240,13.05,34%,-9.0
2023-03-01,RELIANCE,1605882.0,235560.0,451664.0,876396.0,74088,49.29,9%,32486.0
2023-03-01,SAIL,130782.0,4185.0,30773.0,104448.0,2177,5.27,28%,-74.0
2023-03-01,SKIPPER,2223.0,10.0,494.0,1980.0,36,3.15,3%,1.0
2023-03-01,SUZLON,5523.0,0.0,1938.0,5971.0,2887,2.28,0%,-133.0
2023-03-01,TATAMOTORS,334674.0,26379.0,134113.0,345967.0,2690,7.27,32%,-6272.0
2023-03-01,VEDL,189455.0,13150.0,80329.0,147308.0,14503,28.45,357%,-1745.0
2023-03-01,YESBANK,355204.0,76749.0,,,736,0.26,0%,-27392.0
2023-03-01,ZYDUSLIFE,25562.0,1547.0,1195.0,17237.0,2092,19.37,31%,-170.0
2024-03-01,ADANIGREEN,88086.0,1515.0,64858.0,9220.0,1260,6.94,0%,606.0
2024-03-01,ADANIPORTS,116999.0,4289.0,49470.0,26711.0,8104,37.55,16%,271.0
2024-03-01,BEL,39524.0,682.0,63.0,20268.0,3985,5.45,40%,-2739.0
2024-03-01,BHEL,59788.0,256.0,8856.0,23893.0,282,0.81,31%,274.0
2024-03-01,CDSL,1781.0,1149.0,1.0,812.0,420,20.05,55%,-32.0
2024-03-01,CIPLA,32533.0,5449.0,559.0,25774.0,4154,51.05,25%,-49.0
2024-03-01,DRREDDY,38780.0,4930.0,2002.0,28011.0,5578,66.87,12%,133.0
2024-03-01,EXIDEIND,18149.0,5940.0,1123.0,16770.0,883,10.31,19%,183.0
2024-03-01,HAL,80911.0,1591.0,50.0,30381.0,7621,113.96,31%,-186.0
2024-03-01,HINDZINC,33895.0,10452.0,8722.0,28932.0,7759,18.36,71%,-6.0
2024-03-01,IDEA,184997.0,0.0,243809.0,42652.0,-31238,-6.23,0%,-61.0
2024-03-01,JIOFIN,144863.0,133292.0,0.0,1855.0,1605,2.53,0%,11.0
2024-03-01,JMFINANCIL,29592.0,4724.0,16228.0,4786.0,31,4.29,47%,1708.0
2024-03-01,KAYNES,3265.0,132.0,323.0,1805.0,183,28.68,0%,-7.0
2024-03-01,KOLTEPATIL,4947.0,125.0,1117.0,1371.0,-67,-9.12,-44%,74.0
2024-03-01,KOTAKBANK,767667.0,246446.0,,,18213,91.62,2%,22281.0
2024-03-01,KPITTECH,4098.0,94.0,329.0,4872.0,599,21.69,31%,201.0
2024-03-01,LAURUSLABS,8387.0,124.0,2577.0,5041.0,162,2.98,27%,93.0
2024-03-01,MOTILALOFS,31771.0,6501.0,13787.0,7069.0,2446,40.96,9%,2709.0
2024-03-01,NMDC,35661.0,956.0,3359.0,21308.0,5575,6.34,38%,16.0
2024-03-01,PAYTM,17139.0,4628.0,177.0,9978.0,-1422,-22.3,0%,967.0
2024-03-01,PGEL,2310.0,6.0,435.0,2746.0,135,5.17,4%,22.0
2024-03-01,PRAJIND,2894.0,497.0,169.0,3466.0,283,15.42,39%,70.0
2024-03-01,RELIANCE,1755048.0,225672.0,458991.0,899041.0,79020,51.45,10%,28561.0
2024-03-01,SAIL,141022.0,4589.0,36323.0,105378.0,3067,7.42,27%,12.0
2024-03-01,SKIPPER,3145.0,17.0,592.0,3282.0,82,7.23,1%,0.0
2024-03-01,SUZLON,7179.0,8.0,150.0,6529.0,660,0.49,0%,60.0
2024-03-01,TATAMOTORS,369521.0,22971.0,107264.0,434016.0,31807,94.47,7%,8128.0
2024-03-01,VEDL,188118.0,11869.0,87706.0,143727.0,7539,11.4,259%,-4114.0
2024-03-01,YESBANK,406362.0,89997.0,,,1285,0.45,0%,-38.0
2024-03-01,ZYDUSLIFE,28834.0,1220.0,804.0,19547.0,3973,38.36,8%,-75.0
2025-03-01,ADANIGREEN,110764.0,2743.0,80040.0,11212.0,2001,9.12,0%,604.0
2025-03-01,ADANIPORTS,133443.0,4659.0,51621.0,30475.0,11061,51.35,14%,523.0
2025-03-01,BEL,40832.0,743.0,61.0,23769.0,5323,7.28,33%,-493.0
2025-03-01,BHEL,68083.0,276.0,9015.0,28339.0,534,1.53,33%,-1396.0
2025-03-01,CDSL,2162.0,1351.0,3.0,1082.0,526,25.2,50%,14.0
2025-03-01,CIPLA,37387.0,7933.0,438.0,27548.0,5269,65.28,25%,21.0
2025-03-01,DRREDDY,49427.0,4051.0,4677.0,32644.0,5725,67.77,12%,726.0
2025-03-01,EXIDEIND,21396.0,6468.0,2017.0,17238.0,800,9.35,21%,-146.0
2025-03-01,HAL,106267.0,1754.0,1.0,30981.0,8364,125.07,20%,294.0
2025-03-01,HINDZINC,34490.0,9972.0,10967.0,34083.0,10353,24.5,118%,43.0
2025-03-01,IDEA,197867.0,0.0,233229.0,43571.0,-27383,-3.84,0%,89.0
2025-03-01,JIOFIN,133510.0,118910.0,3970.0,2043.0,1613,2.54,20%,285.0
2025-03-01,JMFINANCIL,24504.0,5464.0,11507.0,4378.0,774,8.59,31%,-1692.0
2025-03-01,KAYNES,4641.0,132.0,903.0,2722.0,293,45.84,0%,28.0
2025-03-01,KOLTEPATIL,5304.0,60.0,1139.0,1717.0,109,14.02,0%,-119.0
2025-03-01,KOTAKBANK,879774.0,284255.0,,,22126,111.29,0%,13809.0
2025-03-01,KPITTECH,5033.0,432.0,345.0,5842.0,840,30.63,28%,417.0
2025-03-01,LAURUSLABS,9336.0,233.0,2764.0,5554.0,358,6.64,18%,-39.0
2025-03-01,MOTILALOFS,33987.0,8851.0,14774.0,8339.0,2508,41.74,12%,882.0
2025-03-01,NMDC,41007.0,978.0,4276.0,23906.0,6531,7.44,44%,-25.0
2025-03-01,PAYTM,21448.0,4172.0,160.0,6900.0,-663,-10.33,0%,-2217.0
2025-03-01,PGEL,5121.0,8.0,384.0,4870.0,288,10.17,2%,51.0
2025-03-01,PRAJIND,3160.0,428.0,195.0,3228.0,219,11.91,50%,-47.0
2025-03-01,RELIANCE,1950121.0,242381.0,369575.0,964693.0,81309,51.47,11%,9277.0
2025-03-01,SAIL,136371.0,4976.0,36934.0,102479.0,2372,5.74,28%,222.0
2025-03-01,SKIPPER,3397.0,20.0,740.0,4624.0,149,13.24,1%,4.0
2025-03-01,SUZLON,12943.0,43.0,323.0,10890.0,2072,1.53,0%,683.0
2025-03-01,TATAMOTORS,376973.0,35656.0,71540.0,439695.0,28149,75.6,8%,-5666.0
2025-03-01,VEDL,203293.0,14532.0,75186.0,152968.0,20535,38.33,113%,1149.0
2025-03-01,YESBANK,424116.0,84725.0,,,2446,0.78,0%,9262.0
2025-03-01,ZYDUSLIFE,37202.0,6408.0,3213.0,23242.0,4673,44.97,24%,419.0
