Period,Sales +,Expenses +,Operating Profit,OPM %,Other Income +,Interest,Depreciation,Profit before tax,Tax %,Net Profit +,EPS in Rs,Dividend Payout %,Stock,Revenue +,Financing Profit,Financing Margin %
2011-03-01,424,396,28,7%,3,6,2,23,23%,18,,0%,PGEL,,,
2011-12-01,7449,7093,356,5%,38,46,80,268,31%,185,8.72,34%,ABB,,,
2012-03-01,222,219,3,1%,4,11,5,-9,0%,-9,-0.53,0%,PGEL,,,
2012-12-01,7608,7253,355,5%,7,57,94,211,33%,141,6.65,45%,ABB,,,
2013-03-01,303,298,5,2%,7,11,9,-9,-43%,-5,-0.30,0%,PGEL,,,
2014-03-01,4830,1910,2919,60%,685,977,649,1978,12%,1741,8.40,12%,ADANIPORTS,,,
2014-03-01,6518,5593,925,14%,438,7,150,1206,21%,952,1.20,20%,BEL,,,
2014-03-01,39561,34982,4579,12%,1617,133,985,5078,31%,3502,9.54,20%,BHEL,,,
2014-03-01,89,56,33,37%,35,0,5,62,21%,50,2.36,42%,CDSL,,,
2014-03-01,10173,8026,2147,21%,251,146,373,1880,25%,1404,17.29,12%,CIPLA,,,
2014-03-01,13415,10164,3251,24%,170,127,648,2646,26%,1963,23.08,16%,DRREDDY,,,
2014-03-01,8254,7385,869,11%,73,14,140,787,31%,546,6.41,28%,EXIDEIND,,,
2014-03-01,26519,18237,8282,31%,247,966,4519,3044,35%,1968,1.80,7%,IDEA,,,
2014-03-01,1007,402,605,60%,-1,308,15,280,29%,225,2.77,36%,JMFINANCIL,,,
2014-03-01,764,543,221,29%,15,46,7,183,36%,117,12.15,25%,KOLTEPATIL,,,
2014-03-01,,7053,,,5282,6312,208,3695,32%,2527,16.00,2%,KOTAKBANK,11986,-1379,-12%
2014-03-01,1160,951,208,18%,9,64,33,121,20%,97,12.64,0%,LAURUSLABS,,,
2014-03-01,467,326,141,30%,-54,3,24,59,30%,42,0.72,70%,MOTILALOFS,,,
2014-03-01,12058,4335,7723,64%,2182,2,151,9753,34%,6371,5.36,53%,NMDC,,,
2014-03-01,986,907,79,8%,23,1,24,77,27%,57,3.08,72%,PRAJIND,,,
2014-03-01,433521,398586,34935,8%,8865,3836,11201,28763,22%,22548,16.31,12%,RELIANCE,,,
2014-03-01,46804,42646,4157,9%,2071,1047,1836,3346,21%,2652,6.42,31%,SAIL,,,
2014-03-01,20403,20465,-62,-0%,-495,2070,777,-3404,4%,-3548,-11.43,0%,SUZLON,,,
2014-03-01,232834,197980,34853,15%,-157,4749,11078,18869,25%,14050,48.46,5%,TATAMOTORS,,,
2014-03-01,66152,46557,19595,30%,1874,5094,6882,9493,-9%,11421,21.25,15%,VEDL,,,
2014-03-01,,2055,,,1722,7265,64,2320,31%,1611,8.94,18%,YESBANK,9981,662,7%
2014-03-01,7224,6021,1203,17%,30,90,201,942,11%,836,7.85,23%,ZYDUSLIFE,,,
2015-03-01,6152,2250,3902,63%,686,1175,912,2501,7%,2324,11.18,10%,ADANIPORTS,,,
2015-03-01,7093,5913,1179,17%,507,7,166,1513,21%,1197,1.51,20%,BEL,,,
2015-03-01,31323,29183,2141,7%,1221,92,1082,2187,34%,1450,3.96,20%,BHEL,,,
2015-03-01,105,60,45,43%,23,0,6,63,31%,43,2.09,53%,CDSL,,,
2015-03-01,11345,9183,2163,19%,164,168,505,1654,24%,1229,14.71,14%,CIPLA,,,
2015-03-01,15023,11515,3508,23%,260,108,760,2900,19%,2336,27.43,15%,DRREDDY,,,
2015-03-01,9471,8528,944,10%,94,9,155,874,29%,616,7.23,30%,EXIDEIND,,,
2015-03-01,15939,13560,2379,15%,1650,15,822,3191,25%,2399,24.89,20%,HAL,,,
2015-03-01,31571,20771,10800,34%,497,1060,5304,4933,35%,3193,2.70,7%,IDEA,,,
2015-03-01,1342,448,895,67%,61,420,18,517,30%,379,4.22,32%,JMFINANCIL,,,
2015-03-01,697,492,204,29%,12,44,10,162,37%,102,8.62,23%,KOLTEPATIL,,,
2015-03-01,,9718,,,8152,6966,237,4550,33%,3105,19.72,2%,KOTAKBANK,13319,-3366,-25%
2015-03-01,1327,1126,200,15%,34,106,62,67,-2%,68,8.81,0%,LAURUSLABS,,,
2015-03-01,772,516,256,33%,1,31,31,196,27%,145,2.56,29%,MOTILALOFS,,,
2015-03-01,12356,4591,7765,63%,2155,0,173,9747,34%,6351,5.34,53%,NMDC,,,
2015-03-01,323,683,-360,-111%,16,2,21,-367,1%,-372,-123.02,0%,PAYTM,,,
2015-03-01,1012,919,93,9%,34,2,38,86,9%,78,4.30,38%,PRAJIND,,,
2015-03-01,374372,336923,37449,10%,8528,3316,11547,31114,24%,23640,17.07,12%,RELIANCE,,,
2015-03-01,46032,41217,4815,10%,892,1555,1907,2245,14%,1939,4.93,41%,SAIL,,,
2015-03-01,19954,25703,-5749,-29%,-194,2065,809,-8816,4%,-9133,-19.95,0%,SUZLON,,,
2015-03-01,263159,223920,39239,15%,714,4861,13389,21703,35%,14073,48.44,0%,TATAMOTORS,,,
2015-03-01,73710,51595,22114,30%,-19222,5659,7159,-9925,15%,-11369,-52.77,-8%,VEDL,,,
2015-03-01,,2548,,,2048,8083,86,2902,31%,1997,9.56,19%,YESBANK,11572,940,8%
2015-03-01,8651,6896,1756,20%,45,68,287,1446,18%,1188,11.24,21%,ZYDUSLIFE,,,
2016-03-01,7109,2532,4577,64%,730,1124,1063,3119,9%,2856,13.99,8%,ADANIPORTS,,,
2016-03-01,7354,5961,1393,19%,573,10,192,1764,24%,1337,1.69,31%,BEL,,,
2016-03-01,25505,26862,-1357,-5%,1492,360,937,-1161,-39%,-706,-1.92,-14%,BHEL,,,
2016-03-01,123,59,64,52%,72,0,4,131,31%,91,4.35,29%,CDSL,,,
2016-03-01,13790,11310,2480,18%,208,207,754,1727,19%,1383,16.93,12%,CIPLA,,,
2016-03-01,15568,11983,3585,23%,295,83,939,2859,26%,2131,24.98,16%,DRREDDY,,,
2016-03-01,9477,8289,1187,13%,59,79,175,992,29%,700,8.20,29%,EXIDEIND,,,
2016-03-01,16758,14285,2474,15%,1608,6,863,3213,38%,2004,27.72,31%,HAL,,,
2016-03-01,35949,24281,11668,32%,641,1803,6256,4250,36%,2728,2.30,8%,IDEA,,,
2016-03-01,1685,459,1225,73%,-0,512,20,693,32%,526,5.08,29%,JMFINANCIL,,,
2016-03-01,754,555,198,26%,17,84,15,116,46%,62,7.77,19%,KOLTEPATIL,,,
2016-03-01,,11541,,,7631,11123,345,5024,32%,3524,18.86,3%,KOTAKBANK,20402,-2263,-11%
2016-03-01,1778,1415,362,20%,4,111,86,169,21%,134,16.97,2%,LAURUSLABS,,,
2016-03-01,1080,647,432,40%,1,174,35,225,27%,172,2.97,29%,MOTILALOFS,,,
2016-03-01,6456,3771,2685,42%,1682,66,218,4084,34%,2544,2.14,171%,NMDC,,,
2016-03-01,855,2523,-1668,-195%,164,1,28,-1534,0%,-1535,-331.99,0%,PAYTM,,,
2016-03-01,1024,910,114,11%,18,2,25,105,22%,82,4.63,35%,PRAJIND,,,
2016-03-01,272583,230802,41781,15%,12212,3691,11565,38737,23%,29861,21.51,10%,RELIANCE,,,
2016-03-01,38793,41628,-2834,-7%,425,2300,2404,-7114,-41%,-4176,-10.11,0%,SAIL,,,
2016-03-01,9483,9767,-283,-3%,2563,1304,392,584,-4%,583,0.94,0%,SUZLON,,,
2016-03-01,273046,234650,38395,14%,-2670,4889,16711,14126,21%,11678,40.11,1%,TATAMOTORS,,,
2016-03-01,64262,82741,-18479,-29%,4290,5778,8572,-28540,-37%,-17862,-41.39,-8%,VEDL,,,
2016-03-01,,3429,,,2729,8965,112,3756,33%,2530,12.03,17%,YESBANK,13533,1139,8%
2016-03-01,9427,7095,2332,25%,112,53,292,2099,8%,1964,18.89,17%,ZYDUSLIFE,,,
2017-03-01,502,98,403,80%,80,334,333,-184,-75%,-47,-0.37,0%,ADANIGREEN,,,
2017-03-01,8439,3021,5418,64%,1037,1116,1160,4179,7%,3902,18.89,7%,ADANIPORTS,,,
2017-03-01,8656,6864,1792,21%,420,18,212,1983,24%,1523,2.07,33%,BEL,,,
2017-03-01,28465,27370,1095,4%,753,413,850,586,22%,455,1.25,85%,BHEL,,,
2017-03-01,146,67,79,54%,41,0,4,117,26%,87,4.10,37%,CDSL,,,
2017-03-01,14394,11898,2496,17%,208,159,1323,1222,15%,1035,12.51,16%,CIPLA,,,
2017-03-01,14196,11724,2472,17%,172,63,1027,1554,19%,1292,15.59,26%,DRREDDY,,,
2017-03-01,11179,9805,1374,12%,102,153,226,1097,27%,804,9.42,25%,EXIDEIND,,,
2017-03-01,17950,14719,3231,18%,1058,16,681,3592,27%,2625,36.30,30%,HAL,,,
2017-03-01,35576,25348,10227,29%,746,4010,7827,-863,-54%,-400,-0.34,0%,IDEA,,,
2017-03-01,2359,582,1777,75%,-0,782,23,972,34%,649,5.92,25%,JMFINANCIL,,,
2017-03-01,964,726,238,25%,10,86,15,147,42%,85,11.51,14%,KOLTEPATIL,,,
2017-03-01,,14832,,,11660,11458,362,7332,32%,5019,26.84,2%,KOTAKBANK,22324,-3965,-18%
2017-03-01,1905,1497,408,21%,32,100,106,234,19%,190,3.60,8%,LAURUSLABS,,,
2017-03-01,1923,915,1008,52%,-27,442,33,506,28%,371,6.23,22%,MOTILALOFS,,,
2017-03-01,8828,5233,3595,41%,910,21,197,4287,40%,2543,2.68,64%,NMDC,,,
2017-03-01,915,846,69,8%,22,1,22,68,34%,45,2.49,65%,PRAJIND,,,
2017-03-01,303954,257647,46307,15%,9222,3849,11646,40034,25%,29833,21.55,11%,RELIANCE,,,
2017-03-01,44210,44094,115,0%,378,2528,2682,-4716,-42%,-2756,-6.67,0%,SAIL,,,
2017-03-01,12714,10235,2479,20%,109,1288,389,912,1%,852,1.38,0%,SUZLON,,,
2017-03-01,269693,240104,29589,11%,1869,4238,17905,9315,35%,7557,25.82,0%,TATAMOTORS,,,
2017-03-01,72225,50849,21376,30%,4423,5855,6292,13652,17%,11316,23.47,83%,VEDL,,,
2017-03-01,,4790,,,4218,10627,173,5053,34%,3340,14.63,16%,YESBANK,16425,1008,6%
2017-03-01,9376,7474,1902,20%,127,45,373,1612,8%,1517,14.53,22%,ZYDUSLIFE,,,
2018-03-01,1480,637,843,57%,42,552,543,-210,-35%,-138,-1.00,0%,ADANIGREEN,,,
2018-03-01,11323,4166,7157,63%,844,1579,1188,5234,30%,3690,17.74,11%,ADANIPORTS,,,
2018-03-01,10401,8361,2039,20%,196,6,272,1957,28%,1431,1.96,34%,BEL,,,
2018-03-01,28827,27174,1653,6%,679,330,787,1215,64%,438,1.20,151%,BHEL,,,
2018-03-01,188,77,110,59%,38,0,7,141,27%,104,4.94,35%,CDSL,,,
2018-03-01,15156,12329,2826,19%,280,114,1323,1669,15%,1417,17.52,17%,CIPLA,,,
2018-03-01,14281,11930,2351,16%,155,79,1077,1350,32%,947,11.41,35%,DRREDDY,,,
2018-03-01,12808,11400,1408,11%,21,114,267,1048,34%,694,8.13,30%,EXIDEIND,,,
2018-03-01,18520,15071,3449,19%,776,35,947,3243,39%,1990,29.76,54%,HAL,,,
2018-03-01,28279,22224,6054,21%,703,4847,8409,-6499,-36%,-4168,-2.91,0%,IDEA,,,
2018-03-01,3062,767,2295,75%,35,1139,26,1165,33%,785,7.17,25%,JMFINANCIL,,,
2018-03-01,1403,1100,303,22%,14,99,15,203,24%,154,16.03,12%,KOLTEPATIL,,,
2018-03-01,,16805,,,13682,12467,383,9158,33%,6258,32.54,2%,KOTAKBANK,25131,-4141,-16%
2018-03-01,2056,1642,414,20%,29,80,125,237,29%,168,3.16,9%,LAURUSLABS,,,
2018-03-01,2751,1357,1394,51%,1,528,37,829,25%,632,10.72,20%,MOTILALOFS,,,
2018-03-01,11615,5812,5803,50%,667,37,257,6176,38%,3808,4.01,36%,NMDC,,,
2018-03-01,917,865,52,6%,27,1,24,53,26%,39,2.18,74%,PRAJIND,,,
2018-03-01,390823,326508,64315,16%,9869,8052,16706,49426,27%,36080,26.69,10%,RELIANCE,,,
2018-03-01,57496,52788,4708,8%,654,2823,3066,-527,-47%,-281,-0.68,0%,SAIL,,,
2018-03-01,8116,7140,977,12%,555,1581,342,-391,-0%,-384,-0.57,0%,SUZLON,,,
2018-03-01,291550,260093,31458,11%,5933,4682,21554,11155,39%,9091,31.13,0%,TATAMOTORS,,,
2018-03-01,91866,66989,24877,27%,6087,5112,6283,19569,30%,13692,27.82,76%,VEDL,,,
2018-03-01,,6595,,,5293,12529,232,6205,32%,4233,18.38,15%,YESBANK,20269,1144,6%
2018-03-01,11905,9074,2831,24%,111,91,539,2312,24%,1810,17.35,20%,ZYDUSLIFE,,,
2019-03-01,2058,532,1526,74%,73,1121,1062,-585,-19%,-475,-3.03,0%,ADANIGREEN,,,
2019-03-01,10925,4330,6596,60%,1289,1385,1373,5126,21%,4045,19.27,1%,ADANIPORTS,,,
2019-03-01,12164,9255,2909,24%,73,16,338,2628,30%,1887,2.58,44%,BEL,,,
2019-03-01,30441,28409,2032,7%,662,378,476,1840,46%,1002,2.89,69%,BHEL,,,
2019-03-01,196,87,109,56%,49,0,10,148,23%,115,5.43,37%,CDSL,,,
2019-03-01,16362,13265,3097,19%,477,168,1326,2079,27%,1492,18.96,16%,CIPLA,,,
2019-03-01,15448,12270,3178,21%,381,89,1135,2336,17%,1950,23.49,17%,DRREDDY,,,
2019-03-01,14721,13159,1562,11%,148,117,344,1249,32%,847,9.95,24%,EXIDEIND,,,
2019-03-01,20008,15457,4551,23%,376,178,1025,3725,37%,2328,34.82,28%,HAL,,,
2019-03-01,37092,32976,4116,11%,1789,9545,14536,-18175,-20%,-14604,-5.08,0%,IDEA,,,
2019-03-01,3494,743,2751,79%,6,1446,27,1283,35%,837,6.81,15%,JMFINANCIL,,,
2019-03-01,866,619,247,29%,11,92,15,151,34%,99,9.95,24%,KOLTEPATIL,,,
2019-03-01,,19758,,,16148,15187,458,10576,33%,7204,37.74,2%,KOTAKBANK,29831,-5114,-17%
2019-03-01,641,550,92,14%,1,7,19,67,18%,55,1.98,37%,KPITTECH,,,
2019-03-01,2292,1935,357,16%,15,88,164,120,22%,94,1.76,17%,LAURUSLABS,,,
2019-03-01,2450,1543,907,37%,12,517,24,378,25%,298,5.04,42%,MOTILALOFS,,,
2019-03-01,12153,5228,6925,57%,588,40,279,7194,36%,4617,5.03,37%,NMDC,,,
2019-03-01,3224,7592,-4368,-135%,280,38,112,-4237,-0%,-4231,-726.78,0%,PAYTM,,,
2019-03-01,1141,1062,79,7%,32,1,23,88,22%,68,3.73,57%,PRAJIND,,,
2019-03-01,568337,484087,84250,15%,8406,16495,20934,55227,28%,39837,29.28,10%,RELIANCE,,,
2019-03-01,66973,57167,9807,15%,283,3155,3385,3549,34%,2349,5.69,9%,SAIL,,,
2019-03-01,1871,1689,182,10%,1,102,38,43,27%,31,2.76,8%,SKIPPER,,,
2019-03-01,5025,5048,-23,-0%,92,1270,342,-1543,-1%,-1537,-2.32,0%,SUZLON,,,
2019-03-01,301938,277274,24664,8%,-26686,5759,23591,-31371,-8%,-28724,-99.84,0%,TATAMOTORS,,,
2019-03-01,92048,68877,23171,25%,4270,5689,8192,13560,28%,9698,19.01,99%,VEDL,,,
2019-03-01,,11834,,,4675,19811,305,2349,27%,1709,7.38,27%,YESBANK,29624,-2021,-7%
2019-03-01,13166,10174,2991,23%,183,194,599,2382,22%,1899,18.06,19%,ZYDUSLIFE,,,
2020-03-01,2549,1098,1450,57%,-111,995,394,-50,23%,-68,-0.15,0%,ADANIGREEN,,,
2020-03-01,11873,5926,5947,50%,1928,1951,1680,4244,11%,3785,18.52,17%,ADANIPORTS,,,
2020-03-01,12968,10209,2759,21%,99,8,372,2478,28%,1825,2.50,37%,BEL,,,
2020-03-01,21463,21596,-133,-1%,590,613,503,-659,123%,-1468,-4.21,0%,BHEL,,,
2020-03-01,225,136,89,40%,59,0,12,136,22%,107,5.08,44%,CDSL,,,
2020-03-01,17132,13926,3206,19%,344,197,1175,2178,29%,1500,19.18,21%,CIPLA,,,
2020-03-01,17517,15040,2477,14%,670,98,1163,1886,-7%,2026,24.38,21%,DRREDDY,,,
2020-03-01,14471,13014,1457,10%,40,108,418,972,22%,762,9.14,45%,EXIDEIND,,,
2020-03-01,21445,16531,4914,23%,423,360,999,3979,28%,2883,43.10,39%,HAL,,,
2020-03-01,44958,30042,14916,33%,-36964,15393,24356,-61797,20%,-73878,-25.71,0%,IDEA,,,
2020-03-01,3446,933,2513,73%,8,1386,41,1094,29%,778,6.48,3%,JMFINANCIL,,,
2020-03-01,368,325,43,12%,1,25,8,11,17%,9,13.94,0%,KAYNES,,,
2020-03-01,1130,896,234,21%,47,80,17,184,46%,100,9.55,0%,KOLTEPATIL,,,
2020-03-01,,22578,,,16892,15901,465,11422,25%,8593,44.92,0%,KOTAKBANK,33474,-5005,-15%
2020-03-01,2156,1866,290,13%,19,20,108,181,18%,148,5.38,18%,KPITTECH,,,
2020-03-01,2832,2266,565,20%,5,90,187,294,13%,255,4.77,10%,LAURUSLABS,,,
2020-03-01,2358,1546,812,34%,8,494,40,285,24%,190,3.10,32%,MOTILALOFS,,,
2020-03-01,11699,5697,6002,51%,417,10,295,6114,41%,3573,3.89,45%,NMDC,,,
2020-03-01,3279,5964,-2685,-82%,-45,54,174,-2958,-1%,-2942,-470.27,0%,PAYTM,,,
2020-03-01,1102,1024,78,7%,30,3,22,83,15%,70,3.85,70%,PRAJIND,,,
2020-03-01,596679,507413,89266,15%,8570,22027,22203,53606,26%,39880,29.10,10%,RELIANCE,,,
2020-03-01,61664,51400,10264,17%,280,3487,3756,3302,36%,2121,5.13,0%,SAIL,,,
2020-03-01,1391,1251,140,10%,2,85,38,18,-129%,41,3.65,2%,SKIPPER,,,
2020-03-01,2973,3829,-856,-29%,-42,1367,419,-2684,0%,-2692,-4.01,0%,SUZLON,,,
2020-03-01,261068,243081,17987,7%,102,7243,21425,-10580,4%,-11975,-39.08,0%,TATAMOTORS,,,
2020-03-01,84447,63704,20743,25%,-14932,4977,9093,-8259,-43%,-4744,-17.93,-22%,VEDL,,,
2020-03-01,,39246,,,11956,19258,342,-20838,-21%,-16433,-13.09,0%,YESBANK,26052,-32452,-125%
2020-03-01,14253,11455,2798,20%,-264,342,696,1495,21%,1204,11.49,30%,ZYDUSLIFE,,,
2021-03-01,3124,883,2241,72%,391,1953,486,193,6%,182,1.34,0%,ADANIGREEN,,,
2021-03-01,12550,3862,8688,69%,1967,2255,2107,6292,20%,5049,24.58,20%,ADANIPORTS,,,
2021-03-01,14109,10895,3214,23%,125,10,387,2942,30%,2100,2.87,46%,BEL,,,
2021-03-01,17309,20357,-3049,-18%,393,467,473,-3596,-25%,-2700,-7.75,0%,BHEL,,,
2021-03-01,344,132,212,62%,57,0,9,260,22%,201,9.59,47%,CDSL,,,
2021-03-01,19160,14907,4252,22%,266,161,1068,3290,27%,2389,29.82,17%,CIPLA,,,
2021-03-01,19048,15173,3874,20%,335,97,1229,2884,32%,1952,23.47,21%,DRREDDY,,,
2021-03-01,10359,8994,1366,13%,132,37,394,1068,25%,803,9.53,21%,EXIDEIND,,,
2021-03-01,22882,17538,5344,23%,364,267,1158,4283,24%,3246,48.53,31%,HAL,,,
2021-03-01,22629,10957,11672,52%,1819,386,2531,10574,25%,7980,18.89,113%,HINDZINC,,,
2021-03-01,41952,25006,16946,40%,-19563,17998,23638,-44253,-0%,-44233,-15.39,0%,IDEA,,,
2021-03-01,3211,1009,2202,69%,15,1111,40,1067,24%,808,6.19,8%,JMFINANCIL,,,
2021-03-01,421,379,42,10%,4,25,10,11,10%,10,14.31,0%,KAYNES,,,
2021-03-01,692,629,62,9%,17,70,12,-3,22%,-5,-0.73,0%,KOLTEPATIL,,,
2021-03-01,,29812,,,23588,12967,461,13168,25%,9990,50.41,2%,KOTAKBANK,32820,-9958,-30%
2021-03-01,2036,1729,307,15%,21,17,133,178,17%,147,5.33,28%,KPITTECH,,,
2021-03-01,4814,3262,1552,32%,23,68,205,1301,24%,984,18.33,11%,LAURUSLABS,,,
2021-03-01,3626,1610,2016,56%,-80,430,48,1458,18%,1265,21.49,12%,MOTILALOFS,,,
2021-03-01,15370,6580,8790,57%,351,17,229,8896,30%,6277,7.14,36%,NMDC,,,
2021-03-01,2801,4640,-1838,-66%,356,38,178,-1698,0%,-1701,-280.42,0%,PAYTM,,,
2021-03-01,703,653,50,7%,2,18,18,15,23%,12,0.59,0%,PGEL,,,
2021-03-01,1305,1192,112,9%,26,3,22,113,28%,81,4.42,49%,PRAJIND,,,
2021-03-01,466307,385517,80790,17%,22432,21189,26572,55461,3%,53739,38.75,9%,RELIANCE,,,
2021-03-01,69114,56337,12776,18%,1349,2817,4103,7206,42%,4148,10.04,28%,SAIL,,,
2021-03-01,1582,1436,145,9%,4,74,45,30,30%,21,1.90,5%,SKIPPER,,,
2021-03-01,3346,2809,537,16%,823,996,258,105,4%,104,0.10,0%,SUZLON,,,
2021-03-01,249795,217507,32287,13%,-11118,8097,23547,-10474,24%,-13395,-40.51,0%,TATAMOTORS,,,
2021-03-01,88021,60703,27318,31%,2743,5210,7638,17213,13%,15032,31.21,30%,VEDL,,,
2021-03-01,,14937,,,3107,12611,360,-4762,-27%,-3489,-1.39,0%,YESBANK,20039,-7509,-37%
2021-03-01,14404,11013,3391,24%,-231,159,670,2331,8%,2185,20.84,17%,ZYDUSLIFE,,,
2022-03-01,5133,1621,3512,68%,507,2617,849,553,12%,489,3.13,0%,ADANIGREEN,,,
2022-03-01,17119,7591,9528,56%,1832,2544,3099,5717,13%,4953,23.13,22%,ADANIPORTS,,,
2022-03-01,15368,12024,3344,22%,232,9,401,3166,26%,2400,3.28,46%,BEL,,,
2022-03-01,21211,20383,828,4%,405,448,314,470,5%,445,1.28,31%,BHEL,,,
2022-03-01,551,186,365,66%,55,0,11,409,24%,312,14.89,50%,CDSL,,,
2022-03-01,21763,17211,4553,21%,99,106,1052,3493,27%,2547,31.19,16%,CIPLA,,,
2022-03-01,21545,17778,3768,17%,555,96,1165,3061,29%,2182,26.23,23%,DRREDDY,,,
2022-03-01,12789,11387,1402,11%,3725,64,440,4623,6%,4357,51.38,4%,EXIDEIND,,,
2022-03-01,24620,19205,5415,22%,985,65,1111,5225,3%,5080,75.96,26%,HAL,,,
2022-03-01,29440,13215,16225,55%,1082,290,2917,14100,32%,9629,22.79,79%,HINDZINC,,,
2022-03-01,38516,22547,15968,41%,363,20981,23584,-28234,0%,-28245,-8.79,0%,IDEA,,,
2022-03-01,3724,1296,2429,65%,39,1082,38,1348,26%,992,8.10,20%,JMFINANCIL,,,
2022-03-01,706,611,95,13%,4,27,13,59,29%,42,9.03,0%,KAYNES,,,
2022-03-01,1117,931,186,17%,12,50,10,138,37%,85,10.45,19%,KOLTEPATIL,,,
2022-03-01,,30699,,,24941,11554,480,15948,25%,12089,60.91,2%,KOTAKBANK,33741,-8512,-25%
2022-03-01,2432,1981,451,19%,32,19,120,345,20%,276,10.00,31%,KPITTECH,,,
2022-03-01,4936,3512,1424,29%,14,102,251,1084,23%,832,15.40,13%,LAURUSLABS,,,
2022-03-01,4298,2178,2120,49%,18,475,48,1616,19%,1312,21.97,11%,MOTILALOFS,,,
2022-03-01,25965,13338,12626,49%,716,39,288,13016,27%,9429,10.72,46%,NMDC,,,
2022-03-01,4974,7358,-2384,-48%,288,42,247,-2385,0%,-2396,-36.90,0%,PAYTM,,,
2022-03-01,1112,1023,89,8%,5,23,22,49,24%,37,1.74,0%,PGEL,,,
2022-03-01,2343,2149,194,8%,36,3,23,205,27%,150,8.18,51%,PRAJIND,,,
2022-03-01,694673,586092,108581,16%,19600,14584,29782,83815,19%,67845,44.87,9%,RELIANCE,,,
2022-03-01,103477,82114,21363,21%,902,1698,4275,16292,25%,12243,29.64,30%,SAIL,,,
2022-03-01,1707,1542,165,10%,4,94,48,27,6%,25,2.23,4%,SKIPPER,,,
2022-03-01,6582,5682,900,14%,95,735,260,0,"41,648%",-177,-0.17,0%,SUZLON,,,
2022-03-01,278454,253734,24720,9%,2424,9312,24836,-7003,60%,-11309,-34.46,0%,TATAMOTORS,,,
2022-03-01,132732,87908,44824,34%,1832,4797,8895,32964,28%,23710,50.58,89%,VEDL,,,
2022-03-01,,8058,,,3405,12528,403,1434,26%,1064,0.42,0%,YESBANK,19019,-1568,-8%
2022-03-01,15110,11768,3342,22%,2581,127,713,5084,10%,4618,43.83,6%,ZYDUSLIFE,,,
2023-03-01,7776,2806,4970,64%,667,2911,1300,1426,32%,973,6.15,0%,ADANIGREEN,,,
2023-03-01,20852,9905,10947,52%,327,2363,3425,5487,2%,5391,24.58,20%,ADANIPORTS,,,
2023-03-01,17734,13645,4090,23%,281,19,429,3923,25%,2986,4.08,44%,BEL,,,
2023-03-01,23365,22321,1044,4%,544,612,260,716,9%,654,1.88,21%,BHEL,,,
2023-03-01,555,236,319,57%,66,0,19,365,24%,276,13.20,61%,CDSL,,,
2023-03-01,22753,17726,5027,22%,293,110,1172,4038,30%,2833,34.71,24%,CIPLA,,,
2023-03-01,24670,18200,6470,26%,971,143,1250,6048,25%,4507,54.14,15%,DRREDDY,,,
2023-03-01,15078,13485,1593,11%,125,79,502,1138,28%,823,9.68,21%,EXIDEIND,,,
2023-03-01,26927,20242,6686,25%,1673,64,1785,6510,10%,5828,87.14,32%,HAL,,,
2023-03-01,34098,16583,17515,51%,1370,333,3264,15288,31%,10511,24.88,303%,HINDZINC,,,
2023-03-01,42177,25424,16753,40%,354,23354,23050,-29298,0%,-29301,-6.02,0%,IDEA,,,
2023-03-01,45,6,39,88%,10,0,0,49,37%,31,,0%,JIOFIN,,,
2023-03-01,3291,1170,2120,64%,53,1179,42,953,26%,709,6.26,29%,JMFINANCIL,,,
2023-03-01,1126,956,170,15%,11,36,19,126,24%,95,16.37,0%,KAYNES,,,
2023-03-01,1488,1301,188,13%,33,41,12,168,33%,113,13.69,29%,KOLTEPATIL,,,
2023-03-01,,33485,,,25991,14411,599,19646,25%,14925,75.13,2%,KOTAKBANK,42151,-5746,-14%
2023-03-01,3365,2732,633,19%,43,32,146,497,22%,387,13.90,29%,KPITTECH,,,
2023-03-01,6041,4448,1592,26%,6,165,324,1109,28%,793,14.67,14%,LAURUSLABS,,,
2023-03-01,4178,2301,1877,45%,19,596,58,1242,25%,935,15.74,16%,MOTILALOFS,,,
2023-03-01,17667,11613,6054,34%,2004,75,336,7646,28%,5601,6.37,35%,NMDC,,,
2023-03-01,7990,9634,-1644,-21%,410,24,485,-1743,2%,-1776,-28.02,0%,PAYTM,,,
2023-03-01,2160,1983,177,8%,4,48,35,98,21%,77,3.41,0%,PGEL,,,
2023-03-01,3528,3220,308,9%,45,5,30,319,25%,240,13.05,34%,PRAJIND,,,
2023-03-01,876396,734078,142318,16%,12020,19571,40303,94464,22%,74088,49.29,9%,RELIANCE,,,
2023-03-01,104448,96410,8038,8%,1856,2037,4964,2892,25%,2177,5.27,28%,SAIL,,,
2023-03-01,1980,1787,193,10%,8,105,47,50,29%,36,3.15,3%,SKIPPER,,,
2023-03-01,5971,5137,833,14%,2739,421,260,2892,0%,2887,2.28,0%,SUZLON,,,
2023-03-01,345967,314151,31816,9%,6664,10225,24860,3394,21%,2690,7.27,32%,TATAMOTORS,,,
2023-03-01,147308,112877,34431,23%,2625,6225,10555,20276,28%,14503,28.45,357%,VEDL,,,
2023-03-01,,10371,,,3883,14800,433,981,25%,736,0.26,0%,YESBANK,22702,-2468,-11%
2023-03-01,17237,13378,3860,22%,-422,130,723,2585,23%,2092,19.37,31%,ZYDUSLIFE,,,
2024-03-01,9220,1881,7339,80%,1323,5088,1903,1671,25%,1260,6.94,0%,ADANIGREEN,,,
2024-03-01,26711,11121,15589,58%,671,2733,3888,9639,16%,8104,37.55,16%,ADANIPORTS,,,
2024-03-01,20268,15217,5051,25%,670,12,443,5266,25%,3985,5.45,40%,BEL,,,
2024-03-01,23893,23182,711,3%,608,828,249,243,-16%,282,0.81,31%,BHEL,,,
2024-03-01,812,324,488,60%,95,0,27,556,25%,420,20.05,55%,CDSL,,,
2024-03-01,25774,19483,6291,24%,552,90,1051,5702,27%,4154,51.05,25%,CIPLA,,,
2024-03-01,28011,20078,7933,28%,909,171,1470,7201,23%,5578,66.87,12%,DRREDDY,,,
2024-03-01,16770,14946,1823,11%,88,120,560,1231,28%,883,10.31,19%,EXIDEIND,,,
2024-03-01,30381,20630,9752,32%,1923,43,1407,10225,25%,7621,113.96,31%,HAL,,,
2024-03-01,28932,15256,13676,47%,1054,955,3468,10307,25%,7759,18.36,71%,HINDZINC,,,
2024-03-01,42652,25580,17072,40%,917,25766,22634,-30410,3%,-31238,-6.23,0%,IDEA,,,
2024-03-01,1855,296,1559,84%,429,10,22,1956,18%,1605,2.53,0%,JIOFIN,,,
2024-03-01,4786,2017,2768,58%,-801,1562,53,353,92%,31,4.29,47%,JMFINANCIL,,,
2024-03-01,1805,1548,257,14%,56,56,25,232,21%,183,28.68,0%,KAYNES,,,
2024-03-01,1371,1354,18,1%,23,98,14,-71,-5%,-67,-9.12,-44%,KOLTEPATIL,,,
2024-03-01,,47052,,,38037,22567,792,23863,25%,18213,91.62,2%,KOTAKBANK,56237,-13382,-24%
2024-03-01,4872,3881,991,20%,60,55,196,800,25%,599,21.69,31%,KPITTECH,,,
2024-03-01,5041,4261,779,15%,24,183,385,236,29%,162,2.98,27%,LAURUSLABS,,,
2024-03-01,7069,3002,4067,58%,61,1014,83,3032,19%,2446,40.96,9%,MOTILALOFS,,,
2024-03-01,21308,14014,7294,34%,1087,78,351,7952,30%,5575,6.34,38%,NMDC,,,
2024-03-01,9978,10921,-943,-9%,314,26,736,-1390,2%,-1422,-22.30,0%,PAYTM,,,
2024-03-01,2746,2484,262,10%,12,52,47,176,22%,135,5.17,4%,PGEL,,,
2024-03-01,3466,3094,372,11%,59,10,44,377,25%,283,15.42,39%,PRAJIND,,,
2024-03-01,899041,736543,162498,18%,16179,23118,50832,104727,25%,79020,51.45,10%,RELIANCE,,,
2024-03-01,105378,94229,11149,11%,665,2474,5278,4062,24%,3067,7.42,27%,SAIL,,,
2024-03-01,3282,2961,321,10%,15,155,53,128,36%,82,7.23,1%,SKIPPER,,,
2024-03-01,6529,5492,1037,16%,-24,164,190,659,-0%,660,0.49,0%,SUZLON,,,
2024-03-01,434016,376192,57824,13%,4792,7594,27239,27783,-14%,31807,94.47,7%,TATAMOTORS,,,
2024-03-01,143727,108415,35312,25%,5239,9465,10723,20363,63%,7539,11.40,259%,VEDL,,,
2024-03-01,,11350,,,5355,19527,546,1538,16%,1285,0.45,0%,YESBANK,27606,-3272,-12%
2024-03-01,19547,14163,5384,28%,293,81,764,4832,20%,3973,38.36,8%,ZYDUSLIFE,,,
2025-03-01,11212,2323,8889,79%,1316,5492,2498,2215,10%,2001,9.12,0%,ADANIGREEN,,,
2025-03-01,30475,12335,18141,60%,1800,2532,4379,13030,15%,11061,51.35,14%,ADANIPORTS,,,
2025-03-01,23769,16935,6834,29%,742,10,467,7099,26%,5323,7.28,33%,BEL,,,
2025-03-01,28339,27098,1242,4%,524,748,272,746,28%,534,1.53,33%,BHEL,,,
2025-03-01,1082,458,624,58%,120,0,49,695,24%,526,25.20,50%,CDSL,,,
2025-03-01,27548,20420,7128,26%,862,62,1107,6821,22%,5269,65.28,25%,CIPLA,,,
2025-03-01,32644,24097,8547,26%,1119,283,1704,7680,25%,5725,67.77,12%,DRREDDY,,,
2025-03-01,17238,15440,1798,10%,113,153,582,1176,32%,800,9.35,21%,EXIDEIND,,,
2025-03-01,30981,21373,9608,31%,2608,9,1340,10867,23%,8364,125.07,20%,HAL,,,
2025-03-01,34083,16695,17388,51%,900,1095,3640,13553,24%,10353,24.50,118%,HINDZINC,,,
2025-03-01,43571,25445,18127,42%,1022,24543,21973,-27368,0%,-27383,-3.84,0%,IDEA,,,
2025-03-01,2043,495,1548,76%,429,8,23,1947,17%,1613,2.54,20%,JIOFIN,,,
2025-03-01,4378,2087,2290,52%,75,1305,64,997,23%,774,8.59,31%,JMFINANCIL,,,
2025-03-01,2722,2311,411,15%,107,101,45,372,21%,293,45.84,0%,KAYNES,,,
2025-03-01,1717,1542,176,10%,51,42,14,171,36%,109,14.02,0%,KOLTEPATIL,,,
2025-03-01,,49616,,,41211,28275,0,28989,24%,22126,111.29,0%,KOTAKBANK,65669,-12222,-19%
2025-03-01,5842,4613,1230,21%,170,42,225,1133,26%,840,30.63,28%,KPITTECH,,,
2025-03-01,5554,4499,1055,19%,75,216,430,484,27%,358,6.64,18%,LAURUSLABS,,,
2025-03-01,8339,3794,4545,55%,78,1298,99,3226,22%,2508,41.74,12%,MOTILALOFS,,,
2025-03-01,23906,15757,8149,34%,1592,178,420,9143,28%,6531,7.44,44%,NMDC,,,
2025-03-01,6900,8407,-1506,-22%,1550,16,673,-645,3%,-663,-10.33,0%,PAYTM,,,
2025-03-01,4870,4385,484,10%,35,89,66,365,20%,288,10.17,2%,PGEL,,,
2025-03-01,3228,2903,325,10%,79,19,86,299,27%,219,11.91,50%,PRAJIND,,,
2025-03-01,964693,799249,165444,17%,17978,24269,53136,106017,24%,81309,51.47,11%,RELIANCE,,,
2025-03-01,102479,91833,10646,10%,1049,2793,5651,3252,27%,2372,5.74,28%,SAIL,,,
2025-03-01,4624,4173,452,10%,23,213,63,199,25%,149,13.24,1%,SKIPPER,,,
2025-03-01,10890,9033,1857,17%,103,255,259,1447,-43%,2072,1.53,0%,SUZLON,,,
2025-03-01,439695,384479,55216,13%,11774,5083,23256,38651,27%,28149,75.60,8%,TATAMOTORS,,,
2025-03-01,152968,110625,42343,28%,5544,9914,11096,26877,24%,20535,38.33,113%,VEDL,,,
2025-03-01,,11853,,,6157,21998,0,3224,24%,2446,0.78,0%,YESBANK,30919,-2933,-9%
2025-03-01,23242,16183,7058,30%,50,166,916,6027,23%,4673,44.97,24%,ZYDUSLIFE,,,
,0,0,-0,,0,0,0,-0,0%,-0,-27.00,0%,KPITTECH,,,
