Period,Sales +,Expenses +,Operating Profit,OPM %,Other Income +,Interest,Depreciation,Profit before tax,Tax %,Net Profit +,EPS in Rs,Raw PDF,Stock,Revenue +,Financing Profit,Financing Margin %,Gross NPA %,Net NPA %
2011-12-01,2203,2094,108,5%,1,13,12,84,28%,64,3.03,,ABB,,,,,
2019-03-01,1850,1705,146,8%,46,3,23,166,30%,116,5.48,,ABB,,,,,
2019-06-01,1726,1602,124,7%,81,10,22,173,25%,130,6.15,,ABB,,,,,
2019-09-01,1746,1622,123,7%,73,4,23,169,20%,135,6.38,,ABB,,,,,
2022-03-01,1975,1787,188,10%,41,1,26,201,60%,80,3.76,,ABB,,,,,
2022-03-01,1461,489,972,67%,111,667,274,142,15%,121,0.77,,ADANIGREEN,,,,,
2022-03-01,4141,2084,2057,50%,608,649,764,1252,11%,1112,5.22,,ADANIPORTS,,,,,
2022-03-01,6340,4762,1578,25%,64,4,106,1531,25%,1155,1.58,,BEL,,,,,
2022-03-01,8062,6910,1152,14%,131,96,86,1102,17%,912,2.62,,BHEL,,,,,
2022-03-01,137,46,90,66%,11,0,4,98,20%,78,3.72,,CDSL,,,,,
2022-03-01,5260,4511,750,14%,7,18,290,448,16%,371,4.49,,CIPLA,,,,,
2022-03-01,5475,5024,451,8%,132,32,293,259,63%,97,1.17,,DRREDDY,,,,,
2022-03-01,3523,3191,332,9%,3832,21,116,4026,2%,3953,46.58,,EXIDEIND,,,,,
2022-03-01,11561,9061,2500,22%,502,42,382,2577,-20%,3105,46.43,,HAL,,,,,
2022-03-01,8797,3835,4962,56%,277,66,816,4357,33%,2928,6.93,,HINDZINC,,,,,
2022-03-01,10240,5590,4649,45%,19,5316,5913,-6561,0%,-6563,-2.04,,IDEA,,,,,
2022-03-01,810,258,552,68%,30,250,10,322,29%,228,1.87,,JMFINANCIL,,,,,
2022-03-01,238,198,40,17%,-0,7,4,29,32%,20,4.30,,KAYNES,,,,,
2022-03-01,376,338,38,10%,7,9,3,34,20%,27,3.53,,KOLTEPATIL,,,,,
2022-03-01,,8555,,,7838,2904,131,5087,24%,3892,19.61,,KOTAKBANK,8838,-2620,-30%,2.37%,0.71%
2022-03-01,652,530,121,19%,14,7,31,97,17%,81,2.88,,KPITTECH,,,,,
2022-03-01,1425,1028,397,28%,1,31,66,302,23%,232,4.29,,LAURUSLABS,,,,,
2022-03-01,1051,559,493,47%,1,112,11,370,18%,303,5.02,,MOTILALOFS,,,,,
2022-03-01,6785,4061,2725,40%,332,25,112,2920,36%,1866,2.12,,NMDC,,,,,
2022-03-01,1541,2308,-767,-50%,108,7,95,-762,0%,-762,-11.74,,PAYTM,,,,,
2022-03-01,514,464,50,10%,3,9,7,37,25%,28,1.30,,PGEL,,,,,
2022-03-01,831,753,78,9%,7,1,7,78,26%,58,3.14,,PRAJIND,,,,,
2022-03-01,207375,176009,31366,15%,2602,3556,8001,22411,20%,18021,11.98,,RELIANCE,,,,,
2022-03-01,30759,26421,4338,14%,525,440,1144,3279,24%,2479,6.00,,SAIL,,,,,
2022-03-01,553,492,61,11%,1,25,12,25,-0%,25,2.18,,SKIPPER,,,,,
2022-03-01,2474,2258,217,9%,4,176,77,-33,485%,-206,-0.18,,SUZLON,,,,,
2022-03-01,78439,70156,8283,11%,189,2381,6432,-341,222%,-992,-3.11,,TATAMOTORS,,,,,
2022-03-01,39822,26189,13633,34%,275,1333,2379,10196,29%,7261,15.60,,VEDL,,,,,
2022-03-01,,2235,,,926,3130,0,508,27%,372,0.15,,YESBANK,4947,-418,-8%,13.93%,4.53%
2022-03-01,3806,3088,718,19%,64,38,185,558,20%,453,3.88,,ZYDUSLIFE,,,,,
2022-06-01,2098,1898,200,10%,25,3,26,196,26%,146,6.87,,ABB,,,,,
2022-06-01,1635,687,948,58%,66,458,280,276,21%,214,1.35,,ADANIGREEN,,,,,
2022-06-01,5058,2969,2089,41%,486,629,840,1105,-7%,1177,5.48,,ADANIPORTS,,,,,
2022-06-01,3141,2618,522,17%,82,1,99,504,29%,366,0.50,,BEL,,,,,
2022-06-01,4672,4842,-170,-4%,84,98,67,-251,-25%,-188,-0.54,,BHEL,,,,,
2022-06-01,140,66,75,53%,6,0,4,77,25%,58,2.76,,CDSL,,,,,
2022-06-01,5375,4232,1143,21%,103,18,254,975,28%,706,8.51,,CIPLA,,,,,
2022-06-01,5233,4292,941,18%,863,35,302,1468,19%,1189,14.29,,DRREDDY,,,,,
2022-06-01,4022,3634,387,10%,30,16,122,280,28%,202,2.39,,EXIDEIND,,,,,
2022-06-01,3622,2796,826,23%,204,0,208,822,25%,620,9.27,,HAL,,,,,
2022-06-01,9387,4250,5137,55%,310,44,731,4672,34%,3092,7.32,,HINDZINC,,,,,
2022-06-01,10410,6082,4328,42%,84,5901,5804,-7293,0%,-7297,-2.27,,IDEA,,,,,
2022-06-01,791,276,515,65%,14,261,10,259,24%,198,1.78,,JMFINANCIL,,,,,
2022-06-01,199,175,25,12%,1,7,5,13,25%,10,2.18,,KAYNES,,,,,
2022-06-01,200,153,47,23%,4,8,3,40,34%,26,2.79,,KOLTEPATIL,,,,,
2022-06-01,,4879,,,2405,3004,0,3686,26%,2755,13.88,,KOTAKBANK,9164,1281,14%,2.27%,0.69%
2022-06-01,686,553,133,19%,16,6,31,112,22%,88,3.12,,KPITTECH,,,,,
2022-06-01,1539,1085,454,30%,2,29,71,356,29%,252,4.68,,LAURUSLABS,,,,,
2022-06-01,754,553,201,27%,4,111,13,81,61%,32,0.52,,MOTILALOFS,,,,,
2022-06-01,4767,2869,1898,40%,146,15,85,1944,24%,1445,1.64,,NMDC,,,,,
2022-06-01,1680,2320,-640,-38%,102,6,97,-641,1%,-645,-9.93,,PAYTM,,,,,
2022-06-01,537,500,36,7%,1,9,8,21,20%,16,0.77,,PGEL,,,,,
2022-06-01,732,676,56,8%,5,1,6,54,24%,41,2.25,,PRAJIND,,,,,
2022-06-01,218855,181157,37698,17%,2275,3997,8942,27034,28%,19443,13.27,,RELIANCE,,,,,
2022-06-01,24029,21727,2302,10%,314,374,1194,1047,23%,804,1.95,,SAIL,,,,,
2022-06-01,416,381,35,8%,1,24,13,-1,23%,-1,-0.06,,SKIPPER,,,,,
2022-06-01,1381,1166,214,16%,2472,151,59,2476,2%,2433,2.01,,SUZLON,,,,,
2022-06-01,71935,69522,2413,3%,2381,2421,5841,-3468,44%,-4951,-15.08,,TATAMOTORS,,,,,
2022-06-01,38622,28425,10197,26%,733,1206,2464,7260,23%,5593,11.89,,VEDL,,,,,
2022-06-01,,2214,,,785,3287,0,419,25%,314,0.13,,YESBANK,5135,-366,-7%,13.40%,4.20%
2022-06-01,4073,3240,833,20%,55,34,181,673,18%,576,5.06,,ZYDUSLIFE,,,,,
2022-09-01,1584,718,866,55%,100,498,298,170,14%,149,0.94,,ADANIGREEN,,,,,
2022-09-01,5211,2320,2891,55%,441,577,854,1900,9%,1738,7.94,,ADANIPORTS,,,,,
2022-09-01,3962,3093,868,22%,74,2,109,831,26%,624,0.85,,BEL,,,,,
2022-09-01,5203,5446,-244,-5%,226,123,59,-199,-106%,12,0.03,,BHEL,,,,,
2022-09-01,149,58,91,61%,21,0,5,107,25%,80,3.85,,CDSL,,,,,
2022-09-01,5829,4526,1302,22%,123,26,299,1100,28%,797,9.78,,CIPLA,,,,,
2022-09-01,6332,4433,1899,30%,55,31,309,1614,31%,1114,13.39,,DRREDDY,,,,,
2022-09-01,3841,3410,431,11%,36,18,123,326,26%,241,2.84,,EXIDEIND,,,,,
2022-09-01,5145,3523,1622,32%,261,0,252,1631,25%,1221,18.26,,HAL,,,,,
2022-09-01,8336,3929,4407,53%,367,51,798,3925,32%,2680,6.34,,HINDZINC,,,,,
2022-09-01,10615,6517,4097,39%,96,6129,5656,-7591,0%,-7596,-2.36,,IDEA,,,,,
2022-09-01,859,279,580,67%,18,270,10,318,25%,238,1.89,,JMFINANCIL,,,,,
2022-09-01,273,230,43,16%,1,10,5,29,27%,21,4.55,,KAYNES,,,,,
2022-09-01,123,129,-6,-5%,14,11,3,-6,11%,-7,-1.16,,KOLTEPATIL,,,,,
2022-09-01,,9313,,,7441,3375,0,4747,25%,3608,18.17,,KOTAKBANK,9994,-2694,-27%,2.09%,0.60%
2022-09-01,745,607,138,19%,11,7,33,109,23%,84,3.05,,KPITTECH,,,,,
2022-09-01,1576,1127,449,28%,1,40,82,328,29%,233,4.33,,LAURUSLABS,,,,,
2022-09-01,1321,576,744,56%,4,126,16,607,16%,510,8.62,,MOTILALOFS,,,,,
2022-09-01,3328,2477,851,26%,426,18,74,1185,25%,972,1.11,,NMDC,,,,,
2022-09-01,1914,2461,-547,-29%,100,5,104,-557,3%,-572,-8.80,,PAYTM,,,,,
2022-09-01,336,309,27,8%,1,9,8,11,33%,7,0.34,,PGEL,,,,,
2022-09-01,881,813,68,8%,6,1,7,66,27%,48,2.62,,PRAJIND,,,,,
2022-09-01,229409,198438,30971,14%,3656,4554,9726,20347,24%,15512,10.09,,RELIANCE,,,,,
2022-09-01,26246,25511,735,3%,512,506,1183,-443,-26%,-329,-0.80,,SAIL,,,,,
2022-09-01,462,424,38,8%,1,23,11,6,46%,3,0.26,,SKIPPER,,,,,
2022-09-01,1438,1268,170,12%,5,97,63,15,-283%,56,0.05,,SUZLON,,,,,
2022-09-01,79611,74039,5572,7%,1351,2487,5897,-1461,-31%,-898,-2.84,,TATAMOTORS,,,,,
2022-09-01,36654,28955,7699,21%,931,1642,2624,4364,38%,2687,4.86,,VEDL,,,,,
2022-09-01,,2703,,,931,3487,0,215,25%,160,0.06,,YESBANK,5475,-716,-13%,12.90%,3.60%
2022-09-01,4135,3319,815,20%,50,35,182,648,21%,526,5.16,,ZYDUSLIFE,,,,,
2022-12-01,1971,1118,853,43%,216,617,330,122,52%,103,0.65,,ADANIGREEN,,,,,
2022-12-01,4786,2090,2696,56%,285,534,884,1564,15%,1337,6.09,,ADANIPORTS,,,,,
2022-12-01,4153,3290,863,21%,59,10,106,806,25%,614,0.84,,BEL,,,,,
2022-12-01,5263,5119,144,3%,110,139,62,53,20%,42,0.12,,BHEL,,,,,
2022-12-01,141,57,85,60%,20,0,5,99,25%,75,3.57,,CDSL,,,,,
2022-12-01,5810,4403,1408,24%,114,32,272,1218,34%,808,9.92,,CIPLA,,,,,
2022-12-01,6790,4851,1939,29%,65,42,324,1638,24%,1244,14.94,,DRREDDY,,,,,
2022-12-01,3538,3140,398,11%,24,19,127,276,28%,198,2.34,,EXIDEIND,,,,,
2022-12-01,5666,4680,985,17%,498,2,269,1213,5%,1155,17.27,,HAL,,,,,
2022-12-01,7866,4159,3707,47%,348,62,807,3186,32%,2156,5.10,,HINDZINC,,,,,
2022-12-01,10621,6440,4181,39%,38,6323,5886,-7990,0%,-7990,-2.49,,IDEA,,,,,
2022-12-01,928,313,615,66%,19,301,10,322,25%,240,1.99,,JMFINANCIL,,,,,
2022-12-01,289,248,41,14%,3,9,5,30,24%,23,3.93,,KAYNES,,,,,
2022-12-01,368,394,-26,-7%,6,14,3,-37,-27%,-27,-3.39,,KOLTEPATIL,,,,,
2022-12-01,,9345,,,7360,3802,0,5224,24%,3995,20.12,,KOTAKBANK,11011,-2136,-19%,1.91%,0.48%
2022-12-01,917,747,170,19%,18,8,40,139,25%,104,3.67,,KPITTECH,,,,,
2022-12-01,1545,1141,404,26%,1,43,84,278,27%,203,3.77,,LAURUSLABS,,,,,
2022-12-01,1076,588,488,45%,5,169,17,307,26%,227,3.83,,MOTILALOFS,,,,,
2022-12-01,3720,2579,1141,31%,205,30,84,1232,27%,914,1.04,,NMDC,,,,,
2022-12-01,2062,2393,-331,-16%,83,5,124,-377,4%,-392,-6.04,,PAYTM,,,,,
2022-12-01,459,422,37,8%,1,12,9,17,21%,14,0.60,,PGEL,,,,,
2022-12-01,911,825,86,9%,8,1,7,86,27%,62,3.39,,PRAJIND,,,,,
2022-12-01,216737,181728,35009,16%,3377,5201,10183,23002,23%,17806,11.67,,RELIANCE,,,,,
2022-12-01,25042,22964,2079,8%,509,640,1221,726,25%,542,1.31,,SAIL,,,,,
2022-12-01,445,400,45,10%,4,26,11,12,20%,10,0.84,,SKIPPER,,,,,
2022-12-01,1458,1243,215,15%,6,86,58,78,-1%,78,0.06,,SUZLON,,,,,
2022-12-01,88489,77668,10820,12%,1130,2676,6072,3203,8%,3043,8.91,,TATAMOTORS,,,,,
2022-12-01,34102,27035,7067,21%,1619,1572,2720,4394,30%,3091,6.63,,VEDL,,,,,
2022-12-01,,3006,,,1113,3908,0,72,24%,55,0.02,,YESBANK,5874,-1041,-18%,2.00%,1.00%
2022-12-01,4257,3301,956,22%,39,33,182,780,25%,631,6.15,,ZYDUSLIFE,,,,,
2023-03-01,2598,334,2264,87%,265,1338,392,799,38%,507,3.21,,ADANIGREEN,,,,,
2023-03-01,5797,2526,3271,56%,-885,623,846,917,-24%,1139,5.36,,ADANIPORTS,,,,,
2023-03-01,6479,4647,1832,28%,66,2,114,1782,23%,1382,1.89,,BEL,,,,,
2023-03-01,8227,7178,1049,13%,125,161,73,940,30%,658,1.89,,BHEL,,,,,
2023-03-01,125,56,68,55%,19,0,5,82,23%,63,3.02,,CDSL,,,,,
2023-03-01,5739,4566,1174,20%,-48,34,346,745,30%,522,6.51,,CIPLA,,,,,
2023-03-01,6315,4781,1534,24%,146,35,316,1329,28%,960,11.53,,DRREDDY,,,,,
2023-03-01,3677,3305,372,10%,36,21,131,256,29%,181,2.12,,EXIDEIND,,,,,
2023-03-01,12495,9262,3232,26%,722,55,1056,2844,0%,2831,42.33,,HAL,,,,,
2023-03-01,8509,4254,4255,50%,354,176,928,3505,26%,2583,6.11,,HINDZINC,,,,,
2023-03-01,10532,6322,4210,40%,71,5002,5704,-6424,-0%,-6419,-1.32,,IDEA,,,,,
2023-03-01,846,459,387,46%,26,347,12,54,40%,32,0.60,,JMFINANCIL,,,,,
2023-03-01,365,305,59,16%,7,8,5,54,23%,41,7.10,,KAYNES,,,,,
2023-03-01,797,624,173,22%,7,6,3,172,29%,121,15.45,,KOLTEPATIL,,,,,
2023-03-01,,10548,,,8785,4230,0,5989,24%,4566,22.99,,KOTAKBANK,11982,-2796,-23%,1.76%,0.41%
2023-03-01,1017,835,182,18%,7,11,42,136,18%,112,4.07,,KPITTECH,,,,,
2023-03-01,1381,1095,286,21%,2,53,87,147,27%,105,1.91,,LAURUSLABS,,,,,
2023-03-01,1027,584,444,43%,6,190,13,247,33%,165,2.78,,MOTILALOFS,,,,,
2023-03-01,5851,3689,2162,37%,1228,12,93,3285,31%,2272,2.58,,NMDC,,,,,
2023-03-01,2334,2466,-131,-6%,130,7,160,-168,-0%,-168,-2.66,,PAYTM,,,,,
2023-03-01,828,752,76,9%,1,18,10,49,18%,40,1.77,,PGEL,,,,,
2023-03-01,1004,896,108,11%,16,2,9,113,22%,88,4.80,,PRAJIND,,,,,
2023-03-01,212834,174478,38356,18%,2996,5819,11452,24081,11%,21327,14.26,,RELIANCE,,,,,
2023-03-01,29131,26206,2924,10%,519,517,1365,1562,26%,1159,2.81,,SAIL,,,,,
2023-03-01,657,586,72,11%,5,32,11,33,28%,24,2.10,,SKIPPER,,,,,
2023-03-01,1694,1461,233,14%,257,86,81,323,1%,320,0.22,,SUZLON,,,,,
2023-03-01,105932,92818,13114,12%,1453,2642,7050,4875,-13%,5496,16.28,,TATAMOTORS,,,,,
2023-03-01,37930,28471,9459,25%,-631,1805,2765,4258,26%,3132,5.06,,VEDL,,,,,
2023-03-01,,2881,,,1055,4117,0,275,25%,206,0.07,,YESBANK,6218,-780,-13%,2.20%,0.83%
2023-03-01,5011,3755,1256,25%,-566,28,179,484,28%,358,2.93,,ZYDUSLIFE,,,,,
2023-06-01,2162,81,2081,96%,178,1393,451,415,34%,323,2.03,,ADANIGREEN,,,,,
2023-06-01,6248,2558,3689,59%,384,633,950,2491,15%,2119,9.79,,ADANIPORTS,,,,,
2023-06-01,3533,2860,673,19%,140,1,109,703,25%,539,0.74,,BEL,,,,,
2023-06-01,5003,5182,-178,-4%,130,168,60,-276,-26%,-205,-0.59,,BHEL,,,,,
2023-06-01,150,70,80,53%,24,0,6,98,25%,74,3.52,,CDSL,,,,,
2023-06-01,6329,4835,1494,24%,136,16,239,1375,28%,998,12.33,,CIPLA,,,,,
2023-06-01,6758,4696,2062,31%,178,37,353,1850,24%,1405,16.87,,DRREDDY,,,,,
2023-06-01,4245,3807,438,10%,23,24,132,304,26%,224,2.62,,EXIDEIND,,,,,
2023-06-01,3915,3039,877,22%,414,0,201,1089,25%,814,12.17,,HAL,,,,,
2023-06-01,7282,3935,3347,46%,282,218,801,2610,25%,1964,4.65,,HINDZINC,,,,,
2023-06-01,10656,6499,4156,39%,21,6398,5616,-7837,0%,-7840,-1.61,,IDEA,,,,,
2023-06-01,414,38,376,91%,67,10,5,427,22%,332,,,JIOFIN,,,,,
2023-06-01,1067,473,594,56%,14,366,12,230,24%,177,1.74,,JMFINANCIL,,,,,
2023-06-01,297,257,40,14%,8,11,5,32,23%,25,4.24,,KAYNES,,,,,
2023-06-01,571,481,90,16%,7,37,3,58,17%,48,6.05,,KOLTEPATIL,,,,,
2023-06-01,,10303,,,7855,4834,0,5586,26%,4150,20.88,,KOTAKBANK,12869,-2269,-18%,1.75%,0.43%
2023-06-01,1098,884,214,19%,22,14,45,177,24%,134,4.89,,KPITTECH,,,,,
2023-06-01,1182,1015,167,14%,4,39,91,41,30%,27,0.46,,LAURUSLABS,,,,,
2023-06-01,1502,664,837,56%,32,216,17,636,17%,528,8.90,,MOTILALOFS,,,,,
2023-06-01,5395,3401,1994,37%,294,6,69,2212,25%,1653,1.88,,NMDC,,,,,
2023-06-01,2342,2652,-311,-13%,123,7,159,-354,1%,-358,-5.63,,PAYTM,,,,,
2023-06-01,678,612,66,10%,1,14,11,42,20%,34,1.49,,PGEL,,,,,
2023-06-01,737,661,75,10%,12,1,9,78,24%,59,3.19,,PRAJIND,,,,,
2023-06-01,207559,169466,38093,18%,3813,5837,11775,24294,25%,18258,11.83,,RELIANCE,,,,,
2023-06-01,24359,22710,1649,7%,527,613,1275,288,26%,212,0.51,,SAIL,,,,,
2023-06-01,555,494,60,11%,4,28,12,23,30%,16,1.44,,SKIPPER,,,,,
2023-06-01,1351,1152,199,15%,19,62,55,101,0%,101,0.08,,SUZLON,,,,,
2023-06-01,102236,89019,13217,13%,895,2615,6633,4864,32%,3301,9.64,,TATAMOTORS,,,,,
2023-06-01,33733,27313,6420,19%,2326,2110,2550,4086,19%,3308,7.10,,VEDL,,,,,
2023-06-01,,2726,,,1192,4449,0,462,25%,347,0.12,,YESBANK,6445,-730,-11%,2.00%,1.00%
2023-06-01,5140,3634,1505,29%,21,18,180,1328,16%,1134,10.74,,ZYDUSLIFE,,,,,
2023-09-01,2220,521,1699,77%,353,1165,474,413,29%,371,2.35,,ADANIGREEN,,,,,
2023-09-01,6646,2982,3664,55%,351,520,974,2521,30%,1762,8.09,,ADANIPORTS,,,,,
2023-09-01,4009,2995,1014,25%,137,2,108,1041,25%,790,1.08,,BEL,,,,,
2023-09-01,5125,5279,-154,-3%,192,180,60,-202,-69%,-63,-0.18,,BHEL,,,,,
2023-09-01,207,79,128,62%,23,0,6,145,25%,109,5.21,,CDSL,,,,,
2023-09-01,6678,4944,1734,26%,176,26,290,1594,28%,1155,14.01,,CIPLA,,,,,
2023-09-01,6903,4894,2008,29%,319,35,376,1917,23%,1482,17.77,,DRREDDY,,,,,
2023-09-01,4372,3872,499,11%,38,30,141,366,26%,270,3.17,,EXIDEIND,,,,,
2023-09-01,5636,4108,1528,27%,474,0,350,1651,25%,1237,18.49,,HAL,,,,,
2023-09-01,6791,3652,3139,46%,223,232,825,2305,25%,1729,4.09,,HINDZINC,,,,,
2023-09-01,10716,6435,4282,40%,34,6569,5667,-7920,10%,-8738,-1.79,,IDEA,,,,,
2023-09-01,608,66,542,89%,218,0,5,754,11%,668,1.05,,JIOFIN,,,,,
2023-09-01,1197,535,663,55%,17,388,13,278,26%,206,2.04,,JMFINANCIL,,,,,
2023-09-01,361,312,49,14%,9,12,7,39,18%,32,5.56,,KAYNES,,,,,
2023-09-01,198,209,-11,-6%,7,9,3,-17,55%,-26,-3.33,,KOLTEPATIL,,,,,
2023-09-01,,10136,,,7843,5536,0,5888,25%,4461,22.45,,KOTAKBANK,13717,-1955,-14%,1.69%,0.39%
2023-09-01,1199,959,240,20%,9,14,48,188,25%,141,5.14,,KPITTECH,,,,,
2023-09-01,1224,1037,188,15%,2,42,93,54,27%,37,0.69,,LAURUSLABS,,,,,
2023-09-01,1655,740,915,55%,1,241,17,658,19%,532,8.96,,MOTILALOFS,,,,,
2023-09-01,4014,2824,1190,30%,321,19,89,1404,27%,1026,1.17,,NMDC,,,,,
2023-09-01,2519,2750,-231,-9%,139,7,180,-279,5%,-292,-4.58,,PAYTM,,,,,
2023-09-01,460,423,38,8%,3,12,11,18,30%,12,0.48,,PGEL,,,,,
2023-09-01,882,798,84,10%,11,1,9,85,26%,62,3.39,,PRAJIND,,,,,
2023-09-01,231886,190918,40968,18%,3841,5731,12585,26493,25%,19878,12.85,,RELIANCE,,,,,
2023-09-01,29712,25837,3875,13%,-174,605,1327,1770,26%,1306,3.16,,SAIL,,,,,
2023-09-01,772,699,74,10%,3,35,13,29,31%,20,1.75,,SKIPPER,,,,,
2023-09-01,1421,1196,225,16%,-28,44,51,102,0%,102,0.08,,SUZLON,,,,,
2023-09-01,105129,91362,13767,13%,1557,2652,6637,6035,36%,3832,11.33,,TATAMOTORS,,,,,
2023-09-01,38945,27466,11479,29%,1863,2523,2642,8177,111%,-915,-4.80,,VEDL,,,,,
2023-09-01,,2883,,,1267,4794,0,304,25%,229,0.08,,YESBANK,6714,-962,-14%,2.00%,0.90%
2023-09-01,4369,3223,1146,26%,53,9,184,1006,22%,803,7.91,,ZYDUSLIFE,,,,,
2023-12-01,2311,645,1666,72%,264,1242,481,207,33%,256,1.62,,ADANIGREEN,,,,,
2023-12-01,6920,2724,4196,61%,507,976,985,2741,19%,2208,10.22,,ADANIPORTS,,,,,
2023-12-01,4162,3090,1072,26%,167,1,107,1132,25%,860,1.18,,BEL,,,,,
2023-12-01,5504,5287,217,4%,118,190,61,84,29%,60,0.17,,BHEL,,,,,
2023-12-01,214,84,130,61%,21,0,7,145,26%,107,5.14,,CDSL,,,,,
2023-12-01,6604,4856,1748,26%,-10,30,233,1474,28%,1068,13.08,,CIPLA,,,,,
2023-12-01,7237,5214,2023,28%,219,39,374,1829,24%,1381,16.56,,DRREDDY,,,,,
2023-12-01,3980,3548,432,11%,25,32,145,281,28%,203,2.36,,EXIDEIND,,,,,
2023-12-01,6061,4626,1435,24%,467,0,212,1689,25%,1262,18.86,,HAL,,,,,
2023-12-01,7310,3789,3521,48%,296,243,905,2669,24%,2028,4.80,,HINDZINC,,,,,
2023-12-01,10673,6324,4349,41%,780,6518,5598,-6987,-0%,-6986,-1.44,,IDEA,,,,,
2023-12-01,414,94,320,77%,67,0,5,381,23%,294,0.46,,JIOFIN,,,,,
2023-12-01,1236,430,806,65%,25,400,14,417,23%,322,2.91,,JMFINANCIL,,,,,
2023-12-01,509,439,70,14%,9,15,6,58,23%,45,7.07,,KAYNES,,,,,
2023-12-01,76,116,-40,-53%,8,31,4,-67,-6%,-63,-8.27,,KOLTEPATIL,,,,,
2023-12-01,,12484,,,9588,5985,0,5614,25%,4265,21.46,,KOTAKBANK,14495,-3975,-27%,1.68%,0.36%
2023-12-01,1257,998,259,21%,19,16,50,212,26%,157,5.67,,KPITTECH,,,,,
2023-12-01,1195,1014,181,15%,2,51,98,35,27%,23,0.43,,LAURUSLABS,,,,,
2023-12-01,1791,703,1089,61%,6,262,24,809,18%,661,11.11,,MOTILALOFS,,,,,
2023-12-01,5410,3403,2007,37%,84,32,82,1977,26%,1482,1.69,,NMDC,,,,,
2023-12-01,2850,3014,-163,-6%,149,5,201,-221,0%,-222,-3.46,,PAYTM,,,,,
2023-12-01,532,490,42,8%,5,10,11,26,26%,19,0.74,,PGEL,,,,,
2023-12-01,829,731,98,12%,9,4,11,92,23%,70,3.83,,PRAJIND,,,,,
2023-12-01,225086,184430,40656,18%,3869,5789,12903,25833,25%,19641,12.76,,RELIANCE,,,,,
2023-12-01,23349,21206,2142,9%,355,614,1321,563,25%,423,1.02,,SAIL,,,,,
2023-12-01,802,725,77,10%,5,39,13,29,30%,20,1.81,,SKIPPER,,,,,
2023-12-01,1560,1313,248,16%,9,14,39,203,0%,203,0.15,,SUZLON,,,,,
2023-12-01,110577,95159,15418,14%,1604,2485,6850,7687,7%,7145,21.14,,TATAMOTORS,,,,,
2023-12-01,35541,27010,8531,24%,779,2417,2788,4105,30%,2868,5.42,,VEDL,,,,,
2023-12-01,,2948,,,1255,4975,0,320,24%,243,0.08,,YESBANK,6989,-934,-13%,2.00%,0.90%
2023-12-01,4505,3403,1102,24%,60,20,195,947,23%,790,7.80,,ZYDUSLIFE,,,,,
2024-03-01,2527,693,1834,73%,234,1224,497,347,24%,310,0.95,,ADANIGREEN,,,,,
2024-03-01,6896,2887,4009,58%,-70,619,979,2341,14%,2015,9.44,,ADANIPORTS,,,,,
2024-03-01,8564,6277,2287,27%,225,4,119,2390,25%,1797,2.46,,BEL,,,,,
2024-03-01,8260,7532,728,9%,170,193,68,636,23%,490,1.41,,BHEL,,,,,
2024-03-01,241,93,148,61%,29,0,8,168,23%,129,6.18,,CDSL,,,,,
2024-03-01,6163,4847,1316,21%,249,18,288,1259,26%,932,11.63,,CIPLA,,,,,
2024-03-01,7114,5283,1831,26%,201,59,368,1605,18%,1310,15.70,,DRREDDY,,,,,
2024-03-01,4173,3725,448,11%,5,31,142,281,34%,186,2.17,,EXIDEIND,,,,,
2024-03-01,14769,8867,5901,40%,569,31,644,5795,26%,4309,64.43,,HAL,,,,,
2024-03-01,7549,3900,3649,48%,273,262,937,2723,25%,2038,4.82,,HINDZINC,,,,,
2024-03-01,10607,6274,4333,41%,32,6280,5751,-7666,0%,-7675,-1.53,,IDEA,,,,,
2024-03-01,418,98,320,77%,78,0,5,393,21%,311,0.49,,JIOFIN,,,,,
2024-03-01,1261,580,681,54%,-831,407,14,-572,18%,-674,-2.39,,JMFINANCIL,,,,,
2024-03-01,637,542,95,15%,29,15,7,102,20%,81,12.71,,KAYNES,,,,,
2024-03-01,526,548,-21,-4%,1,21,4,-45,-41%,-26,-3.57,,KOLTEPATIL,,,,,
2024-03-01,,14920,,,12751,6212,0,6775,23%,5337,26.85,,KOTAKBANK,15156,-5976,-39%,1.38%,0.36%
2024-03-01,1318,1045,272,21%,17,12,53,224,26%,166,6.00,,KPITTECH,,,,,
2024-03-01,1440,1198,241,17%,19,50,102,107,30%,75,1.40,,LAURUSLABS,,,,,
2024-03-01,2154,916,1238,57%,18,302,24,930,22%,725,12.13,,MOTILALOFS,,,,,
2024-03-01,6489,4388,2102,32%,389,21,111,2359,40%,1410,1.61,,NMDC,,,,,
2024-03-01,2267,2734,-467,-21%,132,5,196,-536,3%,-550,-8.65,,PAYTM,,,,,
2024-03-01,1077,960,116,11%,3,16,14,91,21%,70,2.67,,PGEL,,,,,
2024-03-01,1019,888,131,13%,11,4,15,123,25%,92,5.00,,PRAJIND,,,,,
2024-03-01,236533,194017,42516,18%,4534,5761,13569,27720,24%,21243,14.01,,RELIANCE,,,,,
2024-03-01,27959,24476,3483,12%,-43,642,1356,1441,22%,1126,2.73,,SAIL,,,,,
2024-03-01,1154,1045,109,9%,4,52,14,48,47%,25,2.23,,SKIPPER,,,,,
2024-03-01,2196,1839,357,16%,-16,44,44,253,-0%,254,0.19,,SUZLON,,,,,
2024-03-01,119033,102348,16685,14%,1412,1645,7143,9309,-88%,17528,52.37,,TATAMOTORS,,,,,
2024-03-01,35509,26741,8768,25%,385,2415,2743,3995,43%,2275,3.68,,VEDL,,,,,
2024-03-01,,3340,,,1642,5309,0,451,-4%,467,0.16,,YESBANK,7458,-1191,-16%,1.70%,0.60%
2024-03-01,5534,3903,1630,29%,160,35,205,1550,21%,1246,11.75,,ZYDUSLIFE,,,,,
2024-06-01,2835,392,2443,86%,219,1440,593,629,29%,629,2.82,,ADANIGREEN,,,,,
2024-06-01,7560,2820,4739,63%,349,484,1012,3593,14%,3107,14.41,,ADANIPORTS,,,,,
2024-06-01,4244,3295,948,22%,204,1,108,1043,25%,791,1.08,,BEL,,,,,
2024-06-01,5485,5654,-169,-3%,111,162,59,-279,-24%,-211,-0.61,,BHEL,,,,,
2024-06-01,257,103,154,60%,30,0,10,175,23%,134,6.42,,CDSL,,,,,
2024-06-01,6694,4978,1716,26%,160,18,247,1611,27%,1175,14.58,,CIPLA,,,,,
2024-06-01,7696,5566,2130,28%,193,60,381,1883,26%,1392,16.69,,DRREDDY,,,,,
2024-06-01,4436,3963,473,11%,16,30,144,316,30%,221,2.59,,EXIDEIND,,,,,
2024-06-01,4348,3357,991,23%,742,0,149,1584,9%,1437,21.49,,HAL,,,,,
2024-06-01,8130,4184,3946,49%,268,256,844,3114,25%,2345,5.55,,HINDZINC,,,,,
2024-06-01,10508,6304,4205,40%,256,5519,5369,-6427,0%,-6432,-0.95,,IDEA,,,,,
2024-06-01,418,74,344,82%,62,0,5,400,22%,313,0.49,,JIOFIN,,,,,
2024-06-01,1077,462,615,57%,17,370,16,245,24%,187,1.79,,JMFINANCIL,,,,,
2024-06-01,504,437,67,13%,28,23,8,64,21%,51,7.94,,KAYNES,,,,,
2024-06-01,341,313,28,8%,12,19,4,17,62%,6,0.82,,KOLTEPATIL,,,,,
2024-06-01,,12263,,,13042,6805,0,9811,25%,7448,37.47,,KOTAKBANK,15837,-3231,-20%,1.39%,0.38%
2024-06-01,1365,1077,288,21%,54,13,53,277,26%,204,7.45,,KPITTECH,,,,,
2024-06-01,1195,1024,171,14%,3,49,106,18,34%,13,0.23,,LAURUSLABS,,,,,
2024-06-01,2312,920,1393,60%,5,318,22,1059,17%,884,14.77,,MOTILALOFS,,,,,
2024-06-01,5414,3074,2340,43%,365,23,74,2608,25%,1969,2.24,,NMDC,,,,,
2024-06-01,1502,2295,-794,-53%,138,4,178,-839,0%,-840,-13.19,,PAYTM,,,,,
2024-06-01,1321,1190,131,10%,4,18,15,101,16%,84,3.21,,PGEL,,,,,
2024-06-01,699,607,92,13%,40,5,20,107,21%,84,4.58,,PRAJIND,,,,,
2024-06-01,231784,193019,38765,17%,3983,5918,13596,23234,25%,17445,11.19,,RELIANCE,,,,,
2024-06-01,23998,21778,2220,9%,-28,691,1402,98,17%,82,0.20,,SAIL,,,,,
2024-06-01,1092,987,105,10%,4,51,15,43,25%,32,2.87,,SKIPPER,,,,,
2024-06-01,2022,1652,370,18%,23,45,46,302,0%,302,0.22,,SUZLON,,,,,
2024-06-01,108048,92263,15785,15%,1747,2088,6574,8870,36%,5692,16.74,,TATAMOTORS,,,,,
2024-06-01,35764,25819,9945,28%,934,2222,2731,5926,14%,5095,9.70,,VEDL,,,,,
2024-06-01,,2820,,,1271,5486,0,691,25%,516,0.16,,YESBANK,7725,-580,-8%,1.70%,0.50%
2024-06-01,6208,4124,2084,34%,63,32,215,1900,23%,1482,14.11,,ZYDUSLIFE,,,,,
2024-09-01,3055,850,2205,72%,224,1369,618,442,6%,515,1.74,,ADANIGREEN,,,,,
2024-09-01,7067,2832,4235,60%,254,527,1077,2885,16%,2413,11.32,,ADANIPORTS,,,,,
2024-09-01,4605,3205,1400,30%,158,1,111,1445,25%,1093,1.49,,BEL,,,,,
2024-09-01,6584,6309,275,4%,128,201,60,141,25%,106,0.30,,BHEL,,,,,
2024-09-01,322,122,200,62%,37,0,12,225,28%,162,7.75,,CDSL,,,,,
2024-09-01,7051,5165,1886,27%,191,15,272,1789,27%,1305,16.13,,CIPLA,,,,,
2024-09-01,8038,5962,2076,26%,314,76,397,1917,30%,1342,15.05,,DRREDDY,,,,,
2024-09-01,4450,3978,472,11%,40,34,146,332,30%,233,2.72,,EXIDEIND,,,,,
2024-09-01,5976,4336,1640,27%,560,0,178,2023,25%,1510,22.59,,HAL,,,,,
2024-09-01,8252,4129,4123,50%,187,303,877,3130,26%,2327,5.51,,HINDZINC,,,,,
2024-09-01,10932,6383,4550,42%,300,6614,5404,-7168,0%,-7176,-1.03,,IDEA,,,,,
2024-09-01,694,140,553,80%,226,0,6,773,11%,689,1.08,,JIOFIN,,,,,
2024-09-01,1191,700,491,41%,21,343,15,154,6%,144,2.43,,JMFINANCIL,,,,,
2024-09-01,572,490,82,14%,34,22,9,85,29%,60,9.41,,KAYNES,,,,,
2024-09-01,308,292,16,5%,14,11,2,17,40%,10,1.28,,KOLTEPATIL,,,,,
2024-09-01,,13094,,,10453,7139,0,6647,25%,5044,25.37,,KOTAKBANK,16427,-3806,-23%,1.48%,0.45%
2024-09-01,1471,1174,297,20%,52,10,56,283,28%,204,7.43,,KPITTECH,,,,,
2024-09-01,1224,1045,178,15%,5,53,108,23,22%,20,0.37,,LAURUSLABS,,,,,
2024-09-01,2838,1025,1813,64%,11,347,23,1454,23%,1122,18.71,,MOTILALOFS,,,,,
2024-09-01,4919,3533,1386,28%,361,29,103,1614,26%,1205,1.38,,NMDC,,,,,
2024-09-01,1660,2063,-403,-24%,1524,3,179,939,1%,930,14.58,,PAYTM,,,,,
2024-09-01,671,615,56,8%,4,15,15,30,35%,19,0.74,,PGEL,,,,,
2024-09-01,816,730,86,11%,14,5,21,74,28%,54,2.93,,PRAJIND,,,,,
2024-09-01,231535,192477,39058,17%,4876,6017,12880,25037,24%,19323,12.24,,RELIANCE,,,,,
2024-09-01,24675,21762,2913,12%,322,758,1304,1173,24%,897,2.17,,SAIL,,,,,
2024-09-01,1110,998,111,10%,3,55,15,44,26%,33,2.92,,SKIPPER,,,,,
2024-09-01,2103,1809,294,14%,18,56,54,202,0%,201,0.15,,SUZLON,,,,,
2024-09-01,101450,89291,12159,12%,1647,2034,6005,5767,40%,3450,9.08,,TATAMOTORS,,,,,
2024-09-01,37634,27806,9828,26%,3168,2667,2696,7633,27%,5603,11.13,,VEDL,,,,,
2024-09-01,,2984,,,1488,5544,0,697,19%,567,0.18,,YESBANK,7737,-791,-10%,1.60%,0.50%
2024-09-01,5237,3776,1461,28%,68,25,234,1271,29%,920,9.06,,ZYDUSLIFE,,,,,
2024-12-01,2340,460,1880,80%,280,1251,618,291,-37%,474,3.11,,ADANIGREEN,,,,,
2024-12-01,7964,3161,4802,60%,247,923,1106,3020,17%,2518,11.67,,ADANIPORTS,,,,,
2024-12-01,5771,4101,1669,29%,186,1,111,1744,25%,1312,1.79,,BEL,,,,,
2024-12-01,7277,6973,304,4%,126,184,68,179,25%,135,0.39,,BHEL,,,,,
2024-12-01,278,117,161,58%,21,0,13,168,23%,130,6.22,,CDSL,,,,,
2024-12-01,7073,5084,1989,28%,222,15,280,1916,17%,1575,19.45,,CIPLA,,,,,
2024-12-01,8381,6108,2273,27%,154,82,471,1874,25%,1404,16.94,,DRREDDY,,,,,
2024-12-01,4017,3592,425,11%,13,54,145,238,33%,158,1.84,,EXIDEIND,,,,,
2024-12-01,6957,5275,1683,24%,637,0,277,2042,30%,1440,21.53,,HAL,,,,,
2024-12-01,8614,4115,4499,52%,218,285,905,3527,24%,2678,6.34,,HINDZINC,,,,,
2024-12-01,11117,6405,4712,42%,250,5940,5629,-6607,0%,-6609,-0.95,,IDEA,,,,,
2024-12-01,438,125,313,71%,70,0,6,377,22%,295,0.46,,JIOFIN,,,,,
2024-12-01,1106,500,607,55%,14,318,16,287,28%,207,2.19,,JMFINANCIL,,,,,
2024-12-01,661,567,94,14%,25,27,11,81,18%,66,10.38,,KAYNES,,,,,
2024-12-01,350,324,26,7%,20,6,3,36,27%,26,3.33,,KOLTEPATIL,,,,,
2024-12-01,,10595,,,7313,7171,0,6180,25%,4701,23.64,,KOTAKBANK,16633,-1133,-7%,1.51%,0.44%
2024-12-01,1478,1172,306,21%,19,10,58,257,27%,187,6.82,,KPITTECH,,,,,
2024-12-01,1415,1130,285,20%,9,58,106,131,31%,93,1.71,,LAURUSLABS,,,,,
2024-12-01,1993,932,1061,53%,26,319,27,741,24%,566,9.42,,MOTILALOFS,,,,,
2024-12-01,6568,4196,2372,36%,375,61,103,2584,27%,1880,2.14,,NMDC,,,,,
2024-12-01,1828,2050,-223,-12%,189,4,165,-204,2%,-208,-3.27,,PAYTM,,,,,
2024-12-01,968,883,85,9%,7,22,16,54,25%,40,1.40,,PGEL,,,,,
2024-12-01,853,780,73,9%,14,4,23,59,30%,41,2.24,,PRAJIND,,,,,
2024-12-01,239986,196197,43789,18%,4214,6179,13181,28643,24%,21930,13.70,,RELIANCE,,,,,
2024-12-01,24490,22460,2030,8%,393,680,1421,323,56%,142,0.34,,SAIL,,,,,
2024-12-01,1135,1024,111,10%,4,50,17,48,25%,36,3.21,,SKIPPER,,,,,
2024-12-01,2975,2475,500,17%,28,70,66,391,1%,388,0.29,,SUZLON,,,,,
2024-12-01,112608,100185,12423,11%,1700,1119,5399,7605,28%,5485,14.69,,TATAMOTORS,,,,,
2024-12-01,39115,28011,11104,28%,680,2442,2681,6661,27%,4876,9.07,,VEDL,,,,,
2024-12-01,,2969,,,1583,5617,0,830,25%,619,0.20,,YESBANK,7833,-753,-10%,1.60%,0.50%
2024-12-01,5269,3882,1388,26%,57,32,229,1184,15%,1026,10.17,,ZYDUSLIFE,,,,,
2025-03-01,3073,671,2402,78%,39,1368,663,410,29%,383,1.45,,ADANIGREEN,,,,,
2025-03-01,8488,3482,5006,59%,426,715,1185,3532,14%,3023,13.95,,ADANIPORTS,,,,,
2025-03-01,9150,6334,2816,31%,195,6,138,2867,26%,2127,2.91,,BEL,,,,,
2025-03-01,8993,8162,832,9%,159,201,85,704,28%,504,1.45,,BHEL,,,,,
2025-03-01,224,115,109,49%,32,0,14,127,21%,100,4.80,,CDSL,,,,,
2025-03-01,6730,5192,1538,23%,289,14,309,1504,19%,1214,15.13,,CIPLA,,,,,
2025-03-01,8528,6530,1998,23%,528,66,455,2005,21%,1587,19.09,,DRREDDY,,,,,
2025-03-01,4335,3907,428,10%,44,35,148,290,35%,188,2.20,,EXIDEIND,,,,,
2025-03-01,13700,8405,5295,39%,669,8,736,5219,24%,3977,59.46,,HAL,,,,,
2025-03-01,9087,4267,4820,53%,227,251,1014,3782,21%,3003,7.11,,HINDZINC,,,,,
2025-03-01,11014,6354,4660,42%,217,6471,5571,-7166,0%,-7166,-1.00,,IDEA,,,,,
2025-03-01,493,155,338,69%,71,8,6,396,20%,316,0.50,,JIOFIN,,,,,
2025-03-01,1004,426,578,58%,23,274,16,311,25%,235,2.19,,JMFINANCIL,,,,,
2025-03-01,984,817,168,17%,20,29,17,142,18%,116,18.15,,KAYNES,,,,,
2025-03-01,719,612,106,15%,6,6,4,101,35%,66,8.59,,KOLTEPATIL,,,,,
2025-03-01,,13664,,,10402,7160,0,6351,23%,4933,24.81,,KOTAKBANK,16772,-4051,-24%,1.45%,0.36%
2025-03-01,1528,1205,323,21%,60,9,58,316,23%,245,8.93,,KPITTECH,,,,,
2025-03-01,1720,1300,421,24%,59,56,110,312,25%,233,4.33,,LAURUSLABS,,,,,
2025-03-01,1190,910,280,24%,18,298,26,-27,137%,-63,-1.08,,MOTILALOFS,,,,,
2025-03-01,7005,4953,2051,29%,492,65,141,2338,37%,1477,1.68,,NMDC,,,,,
2025-03-01,1912,2000,-89,-5%,-298,4,150,-542,0%,-545,-8.46,,PAYTM,,,,,
2025-03-01,1910,1698,212,11%,20,33,19,180,19%,145,5.13,,PGEL,,,,,
2025-03-01,860,786,74,9%,12,5,22,58,32%,40,2.17,,PRAJIND,,,,,
2025-03-01,261388,217556,43832,17%,4905,6155,13479,29103,23%,22611,14.34,,RELIANCE,,,,,
2025-03-01,29316,25832,3484,12%,362,664,1524,1657,25%,1251,3.03,,SAIL,,,,,
2025-03-01,1288,1164,124,10%,13,56,17,63,24%,48,4.25,,SKIPPER,,,,,
2025-03-01,3790,3096,693,18%,35,85,93,551,-114%,1181,0.87,,SUZLON,,,,,
2025-03-01,119503,102685,16818,14%,1057,1076,5295,11504,26%,8556,23.01,,TATAMOTORS,,,,,
2025-03-01,40455,28989,11466,28%,762,2583,2988,6657,25%,4961,8.91,,VEDL,,,,,
2025-03-01,,3080,,,1815,5352,0,1006,26%,745,0.24,,YESBANK,7623,-809,-11%,1.60%,0.30%
2025-03-01,6528,4402,2126,33%,-139,77,238,1672,25%,1244,11.64,,ZYDUSLIFE,,,,,
