Period,Promoters +,FIIs +,DIIs +,Public +,No. of Shareholders,Stock,Government +,Others +
2022-06-01,75.00%,3.53%,8.59%,12.88%,89739,ABB,,
2022-06-01,60.50%,15.91%,0.98%,22.61%,371764,ADANIGREEN,,
2022-06-01,66.02%,14.24%,15.06%,4.65%,727228,ADANIPORTS,0.03%,
2022-06-01,51.14%,15.99%,27.77%,5.11%,437097,BEL,,
2022-06-01,63.17%,4.22%,12.59%,20.02%,1287798,BHEL,,
2022-06-01,20.00%,0.00%,34.69%,45.31%,790055,CDSL,,
2022-06-01,33.61%,27.65%,21.33%,17.40%,418910,CIPLA,0.00%,
2022-06-01,26.71%,25.87%,25.18%,21.96%,255300,DRREDDY,,0.28%
2022-06-01,45.99%,10.40%,17.83%,25.78%,837788,EXIDEIND,,
2022-06-01,75.15%,5.56%,15.71%,3.58%,238716,HAL,0.00%,
2022-06-01,64.92%,0.86%,2.95%,1.69%,272235,HINDZINC,29.58%,
2022-06-01,86.36%,1.02%,3.25%,9.36%,1490302,IRFC,,
2022-06-01,55.41%,21.13%,8.79%,14.67%,99903,JMFINANCIL,,
2022-06-01,74.45%,0.98%,3.72%,20.86%,48118,KOLTEPATIL,,
2022-06-01,25.97%,40.55%,17.29%,16.20%,564789,KOTAKBANK,,
2022-06-01,40.11%,15.99%,10.74%,31.69%,586197,KPITTECH,,1.48%
2022-06-01,27.27%,21.98%,9.11%,41.65%,407186,LAURUSLABS,,
2022-06-01,69.50%,9.80%,4.02%,16.67%,91816,MOTILALOFS,,
2022-06-01,60.79%,5.89%,22.14%,11.18%,655658,NMDC,,
2022-06-01,,5.45%,1.15%,93.40%,1195332,PAYTM,,
2022-06-01,65.71%,0.98%,0.00%,33.31%,13002,PGEL,,0.00%
2022-06-01,32.83%,15.93%,10.01%,41.23%,276096,PRAJIND,,
2022-06-01,50.62%,23.90%,14.67%,10.64%,3306732,RELIANCE,0.17%,
2022-06-01,65.00%,4.22%,8.79%,21.91%,1671499,SAIL,0.09%,
2022-06-01,71.89%,9.28%,0.00%,18.83%,29643,SKIPPER,,
2022-06-01,14.92%,6.29%,15.50%,63.29%,2115057,SUZLON,0.00%,
2022-06-01,46.40%,13.71%,15.17%,24.57%,4008506,TATAMOTORS,0.14%,
2022-06-01,69.69%,8.68%,11.57%,9.84%,951228,VEDL,0.00%,0.22%
2022-06-01,,11.37%,43.93%,44.70%,4475215,YESBANK,0.00%,
2022-06-01,74.88%,2.86%,11.94%,10.24%,455624,ZYDUSLIFE,0.08%,
2022-09-01,75.00%,5.39%,11.89%,7.69%,105205,ABB,,
2022-09-01,60.75%,15.25%,1.26%,22.74%,385297,ADANIGREEN,,
2022-09-01,66.02%,14.35%,15.37%,4.27%,733142,ADANIPORTS,0.00%,
2022-09-01,51.14%,17.36%,25.63%,5.88%,579807,BEL,,
2022-09-01,63.17%,4.81%,14.45%,17.57%,1192232,BHEL,,
2022-09-01,20.00%,15.65%,18.96%,45.40%,797029,CDSL,,
2022-09-01,33.61%,27.69%,21.47%,17.00%,388864,CIPLA,0.21%,
2022-09-01,26.71%,26.26%,24.69%,22.06%,259271,DRREDDY,,0.27%
2022-09-01,45.99%,10.48%,17.82%,25.71%,811840,EXIDEIND,,
2022-09-01,75.15%,6.85%,13.48%,4.53%,300175,HAL,0.00%,
2022-09-01,64.92%,0.81%,2.95%,1.78%,303389,HINDZINC,29.54%,
2022-09-01,74.99%,3.53%,0.62%,20.80%,2921871,IDEA,0.06%,
2022-09-01,86.36%,1.05%,3.39%,9.19%,1459497,IRFC,,
2022-09-01,56.02%,22.12%,8.30%,13.57%,98301,JMFINANCIL,,
2022-09-01,74.45%,1.37%,3.71%,20.46%,43360,KOLTEPATIL,,
2022-09-01,25.96%,40.92%,19.96%,13.16%,554779,KOTAKBANK,,
2022-09-01,40.10%,16.89%,13.52%,28.08%,563281,KPITTECH,,1.38%
2022-09-01,27.27%,22.67%,9.34%,40.74%,390695,LAURUSLABS,,
2022-09-01,69.57%,9.29%,5.01%,16.12%,66605,MOTILALOFS,,
2022-09-01,60.79%,5.94%,20.98%,12.27%,696901,NMDC,,
2022-09-01,,77.26%,1.33%,21.42%,1124470,PAYTM,,
2022-09-01,65.24%,2.68%,1.56%,30.27%,12280,PGEL,,0.25%
2022-09-01,32.82%,16.98%,10.33%,39.85%,261294,PRAJIND,,
2022-09-01,50.56%,23.58%,14.91%,10.78%,3485825,RELIANCE,0.16%,
2022-09-01,65.00%,4.31%,9.40%,21.29%,1627167,SAIL,0.00%,
2022-09-01,71.89%,9.88%,0.00%,18.24%,29184,SKIPPER,,
2022-09-01,14.50%,7.84%,8.24%,69.40%,2235310,SUZLON,0.00%,
2022-09-01,46.40%,14.13%,14.75%,24.58%,3976830,TATAMOTORS,0.14%,
2022-09-01,69.68%,8.09%,10.37%,11.57%,1326953,VEDL,0.07%,0.22%
2022-09-01,,12.15%,43.91%,43.94%,4547534,YESBANK,0.01%,
2022-09-01,74.98%,2.61%,12.86%,9.47%,408231,ZYDUSLIFE,0.07%,
2022-12-01,75.00%,7.55%,9.73%,7.71%,97757,ABB,,
2022-12-01,60.75%,15.14%,1.40%,22.70%,393167,ADANIGREEN,,
2022-12-01,65.13%,13.77%,14.46%,6.62%,732360,ADANIPORTS,0.03%,
2022-12-01,51.14%,17.34%,25.04%,6.47%,707098,BEL,,
2022-12-01,63.17%,8.48%,14.71%,13.63%,1027958,BHEL,,
2022-12-01,20.00%,15.83%,18.46%,45.71%,801220,CDSL,,
2022-12-01,33.61%,28.39%,20.87%,16.91%,404182,CIPLA,0.21%,
2022-12-01,26.69%,27.29%,23.38%,22.36%,246788,DRREDDY,,0.25%
2022-12-01,45.99%,10.96%,19.56%,23.49%,730808,EXIDEIND,,
2022-12-01,75.15%,7.14%,12.72%,4.98%,321246,HAL,0.00%,
2022-12-01,64.92%,0.87%,3.03%,1.65%,286158,HINDZINC,29.54%,
2022-12-01,74.99%,3.59%,1.21%,20.14%,2968308,IDEA,0.06%,
2022-12-01,86.36%,1.01%,2.97%,9.66%,1605726,IRFC,,
2022-12-01,56.02%,22.14%,7.35%,14.49%,97865,JMFINANCIL,,
2022-12-01,63.57%,8.53%,11.43%,16.48%,62502,KAYNES,,
2022-12-01,74.45%,1.39%,4.82%,19.34%,42479,KOLTEPATIL,,
2022-12-01,25.95%,40.90%,20.09%,13.05%,543736,KOTAKBANK,,
2022-12-01,40.10%,20.30%,12.69%,25.44%,513971,KPITTECH,,1.46%
2022-12-01,27.20%,21.90%,9.51%,41.38%,423931,LAURUSLABS,,
2022-12-01,69.46%,7.35%,5.95%,17.22%,70230,MOTILALOFS,,
2022-12-01,60.79%,6.60%,20.23%,12.34%,707706,NMDC,,
2022-12-01,,72.80%,1.87%,25.32%,1200100,PAYTM,,
2022-12-01,61.33%,2.32%,6.47%,29.86%,12918,PGEL,,0.01%
2022-12-01,32.87%,17.61%,7.69%,41.84%,279331,PRAJIND,,
2022-12-01,50.49%,23.48%,15.26%,10.59%,3362915,RELIANCE,0.16%,
2022-12-01,65.00%,4.34%,10.73%,19.94%,1625637,SAIL,0.00%,
2022-12-01,71.89%,9.62%,0.00%,18.50%,24528,SKIPPER,,
2022-12-01,14.50%,7.65%,5.82%,72.02%,2431136,SUZLON,0.00%,
2022-12-01,46.39%,13.89%,15.21%,24.36%,3993043,TATAMOTORS,0.14%,
2022-12-01,69.68%,7.90%,11.05%,11.07%,1298599,VEDL,0.07%,0.22%
2022-12-01,,23.24%,38.19%,38.54%,4813411,YESBANK,0.01%,
2022-12-01,74.98%,2.52%,13.61%,8.81%,370396,ZYDUSLIFE,0.07%,
2023-03-01,75.00%,8.45%,8.98%,7.56%,106396,ABB,,
2023-03-01,57.26%,17.13%,1.45%,24.16%,746294,ADANIGREEN,,
2023-03-01,61.03%,17.99%,13.02%,7.95%,1098596,ADANIPORTS,0.00%,
2023-03-01,51.14%,16.42%,25.50%,6.95%,780211,BEL,,
2023-03-01,63.17%,8.58%,15.50%,12.76%,1016936,BHEL,,
2023-03-01,20.00%,14.67%,18.48%,46.85%,828853,CDSL,,
2023-03-01,33.55%,27.42%,21.83%,16.99%,475293,CIPLA,0.21%,
2023-03-01,26.69%,27.25%,23.05%,22.78%,232715,DRREDDY,,0.22%
2023-03-01,45.99%,12.32%,18.92%,22.76%,717785,EXIDEIND,,
2023-03-01,71.65%,9.07%,13.93%,5.34%,358317,HAL,0.00%,
2023-03-01,64.92%,0.80%,2.94%,1.79%,321016,HINDZINC,29.54%,
2023-03-01,50.36%,2.28%,0.54%,13.64%,3138338,IDEA,33.18%,
2023-03-01,86.36%,1.15%,2.62%,9.87%,1634919,IRFC,,
2023-03-01,56.49%,21.24%,7.47%,14.80%,96936,JMFINANCIL,,
2023-03-01,63.57%,8.16%,12.96%,15.31%,45643,KAYNES,,
2023-03-01,74.45%,1.27%,4.83%,19.45%,43098,KOLTEPATIL,,
2023-03-01,25.95%,39.42%,21.31%,13.30%,582733,KOTAKBANK,,
2023-03-01,39.49%,23.42%,12.30%,23.41%,476890,KPITTECH,,1.39%
2023-03-01,27.20%,22.42%,9.74%,40.64%,418615,LAURUSLABS,,
2023-03-01,69.68%,6.47%,6.28%,17.58%,69663,MOTILALOFS,,
2023-03-01,60.79%,7.33%,19.39%,12.47%,713832,NMDC,,
2023-03-01,,71.83%,3.19%,24.98%,1120566,PAYTM,,
2023-03-01,61.33%,1.97%,7.17%,29.53%,12848,PGEL,,0.01%
2023-03-01,32.82%,17.83%,7.83%,41.50%,283459,PRAJIND,,
2023-03-01,50.41%,22.49%,16.06%,10.89%,3639396,RELIANCE,0.16%,
2023-03-01,65.00%,4.69%,12.40%,17.91%,1521988,SAIL,0.00%,
2023-03-01,71.89%,9.51%,0.11%,18.48%,25118,SKIPPER,,
2023-03-01,14.50%,7.64%,5.55%,72.30%,2442672,SUZLON,0.00%,
2023-03-01,46.39%,15.34%,17.69%,20.41%,3814831,TATAMOTORS,0.14%,
2023-03-01,68.11%,7.89%,10.20%,13.63%,1411551,VEDL,0.07%,0.11%
2023-03-01,,23.10%,37.77%,39.10%,5057387,YESBANK,0.01%,
2023-03-01,74.98%,3.42%,13.51%,8.01%,338570,ZYDUSLIFE,0.07%,
2023-06-01,75.00%,9.46%,8.07%,7.48%,109435,ABB,,
2023-06-01,56.27%,18.25%,1.47%,24.00%,692340,ADANIGREEN,,
2023-06-01,62.89%,16.99%,12.45%,7.66%,1024111,ADANIPORTS,0.00%,
2023-06-01,51.14%,17.35%,24.84%,6.68%,767820,BEL,,
2023-06-01,63.17%,7.77%,16.36%,12.71%,1012617,BHEL,,
2023-06-01,15.00%,15.10%,22.03%,47.87%,832125,CDSL,,
2023-06-01,33.46%,25.49%,24.05%,16.76%,466515,CIPLA,0.21%,
2023-06-01,26.69%,26.99%,21.99%,24.11%,246769,DRREDDY,,0.21%
2023-06-01,45.99%,12.86%,19.77%,21.36%,694188,EXIDEIND,,
2023-06-01,71.64%,11.90%,10.64%,5.81%,420694,HAL,0.00%,
2023-06-01,64.92%,0.81%,2.95%,1.77%,342539,HINDZINC,29.54%,
2023-06-01,50.36%,2.29%,0.73%,13.44%,3188356,IDEA,33.18%,
2023-06-01,86.36%,1.14%,2.02%,10.49%,1805740,IRFC,,
2023-06-01,56.48%,20.72%,7.61%,15.19%,106989,JMFINANCIL,,
2023-06-01,63.57%,7.96%,13.12%,15.35%,60583,KAYNES,,
2023-06-01,74.45%,1.54%,2.51%,21.49%,42958,KOLTEPATIL,,
2023-06-01,25.94%,41.54%,19.57%,12.92%,560825,KOTAKBANK,,
2023-06-01,39.47%,25.91%,11.78%,21.55%,471896,KPITTECH,,1.29%
2023-06-01,27.20%,22.52%,10.36%,39.93%,417977,LAURUSLABS,,
2023-06-01,69.66%,6.41%,6.11%,17.84%,68944,MOTILALOFS,,
2023-06-01,60.79%,6.99%,18.00%,14.20%,737733,NMDC,,
2023-06-01,,72.11%,3.54%,24.35%,1034995,PAYTM,,
2023-06-01,61.20%,3.13%,7.13%,28.32%,13936,PGEL,,0.21%
2023-06-01,32.82%,18.30%,8.40%,40.48%,277224,PRAJIND,,
2023-06-01,50.39%,22.55%,16.13%,10.76%,3506867,RELIANCE,0.17%,
2023-06-01,65.00%,3.82%,13.63%,17.56%,1499836,SAIL,0.00%,
2023-06-01,71.89%,9.93%,0.28%,17.89%,26132,SKIPPER,,
2023-06-01,14.50%,7.79%,5.90%,71.78%,2490961,SUZLON,0.02%,
2023-06-01,46.39%,17.72%,17.38%,18.38%,3502408,TATAMOTORS,0.14%,
2023-06-01,68.11%,7.48%,9.98%,14.29%,1565264,VEDL,0.07%,0.08%
2023-06-01,,23.79%,37.72%,38.47%,4904795,YESBANK,0.01%,
2023-06-01,74.98%,4.04%,13.44%,7.47%,311764,ZYDUSLIFE,0.07%,
2023-09-01,75.00%,10.18%,7.37%,7.47%,112399,ABB,,
2023-09-01,56.26%,18.16%,1.49%,24.09%,676271,ADANIGREEN,,
2023-09-01,65.53%,13.83%,13.27%,7.37%,944166,ADANIPORTS,0.00%,
2023-09-01,51.14%,17.19%,24.19%,7.49%,974782,BEL,,
2023-09-01,63.17%,7.23%,15.99%,13.62%,1227658,BHEL,,
2023-09-01,15.00%,15.25%,21.80%,47.94%,809315,CDSL,,
2023-09-01,33.46%,25.74%,23.90%,16.68%,426863,CIPLA,0.21%,
2023-09-01,26.66%,28.19%,21.04%,23.93%,243445,DRREDDY,,0.18%
2023-09-01,45.99%,12.81%,19.05%,22.14%,818681,EXIDEIND,,
2023-09-01,71.64%,12.63%,9.72%,6.02%,491969,HAL,0.00%,
2023-09-01,64.92%,0.75%,2.98%,1.81%,375833,HINDZINC,29.54%,
2023-09-01,50.36%,2.46%,1.80%,12.19%,3104410,IDEA,33.18%,
2023-09-01,86.36%,1.14%,1.63%,10.88%,2703000,IRFC,,
2023-09-01,46.77%,21.58%,13.64%,17.86%,3983144,JIOFIN,0.13%,
2023-09-01,56.47%,18.82%,8.06%,16.66%,119301,JMFINANCIL,,
2023-09-01,63.57%,9.90%,15.58%,10.94%,67588,KAYNES,,
2023-09-01,74.45%,2.64%,3.96%,18.95%,42339,KOLTEPATIL,,
2023-09-01,25.92%,40.97%,20.00%,13.11%,635299,KOTAKBANK,,
2023-09-01,39.47%,25.69%,12.25%,21.46%,496051,KPITTECH,,1.14%
2023-09-01,27.20%,24.03%,11.01%,37.75%,402640,LAURUSLABS,,
2023-09-01,69.53%,6.29%,6.29%,17.90%,63583,MOTILALOFS,,
2023-09-01,60.79%,8.32%,17.73%,13.16%,739395,NMDC,,
2023-09-01,,60.92%,4.05%,35.02%,1012892,PAYTM,,
2023-09-01,53.59%,8.96%,12.63%,24.62%,18251,PGEL,,0.19%
2023-09-01,32.82%,17.93%,10.20%,39.04%,296931,PRAJIND,,
2023-09-01,50.27%,22.60%,15.99%,10.98%,3698648,RELIANCE,0.17%,
2023-09-01,65.00%,3.69%,14.61%,16.70%,1483371,SAIL,0.00%,
2023-09-01,71.89%,8.09%,0.15%,19.85%,38425,SKIPPER,,
2023-09-01,13.28%,10.88%,9.81%,65.99%,2868152,SUZLON,0.02%,
2023-09-01,46.38%,18.40%,17.37%,17.70%,3773314,TATAMOTORS,0.14%,
2023-09-01,63.71%,7.82%,10.59%,17.74%,1942800,VEDL,0.07%,0.08%
2023-09-01,,23.39%,40.68%,35.90%,4888441,YESBANK,0.01%,
2023-09-01,74.98%,4.85%,13.01%,7.07%,297953,ZYDUSLIFE,0.07%,
2023-12-01,75.00%,10.72%,6.92%,7.36%,102093,ABB,,
2023-12-01,56.37%,18.03%,1.50%,24.10%,693064,ADANIGREEN,,
2023-12-01,65.89%,14.72%,12.01%,7.39%,970247,ADANIPORTS,0.00%,
2023-12-01,51.14%,17.77%,23.37%,7.72%,1098228,BEL,,
2023-12-01,63.17%,7.04%,17.58%,12.23%,1265436,BHEL,,
2023-12-01,15.00%,18.16%,21.33%,45.51%,777030,CDSL,,
2023-12-01,33.46%,25.73%,24.05%,16.53%,425731,CIPLA,0.21%,
2023-12-01,26.65%,28.62%,18.65%,25.89%,257794,DRREDDY,,0.18%
2023-12-01,45.99%,12.94%,19.24%,21.82%,863842,EXIDEIND,,
2023-12-01,71.64%,12.93%,9.13%,6.28%,619151,HAL,0.00%,
2023-12-01,64.92%,0.69%,2.97%,1.88%,401985,HINDZINC,29.54%,
2023-12-01,50.36%,2.27%,3.05%,11.14%,3124128,IDEA,33.18%,
2023-12-01,86.36%,1.15%,1.15%,11.34%,3251993,IRFC,,
2023-12-01,47.12%,19.83%,12.99%,19.92%,4083129,JIOFIN,0.14%,
2023-12-01,56.44%,17.92%,8.46%,17.17%,135103,JMFINANCIL,,
2023-12-01,57.83%,12.71%,19.04%,10.41%,86158,KAYNES,,
2023-12-01,74.45%,2.59%,4.51%,18.45%,42891,KOLTEPATIL,,
2023-12-01,25.91%,39.74%,21.38%,12.98%,634698,KOTAKBANK,,
2023-12-01,39.47%,26.48%,11.60%,21.33%,508158,KPITTECH,,1.10%
2023-12-01,27.18%,25.39%,11.13%,36.30%,382880,LAURUSLABS,,
2023-12-01,69.39%,6.48%,6.76%,17.36%,61732,MOTILALOFS,,
2023-12-01,60.79%,9.91%,17.33%,11.96%,749330,NMDC,,
2023-12-01,,63.72%,6.07%,30.22%,1128929,PAYTM,,
2023-12-01,53.59%,10.77%,12.36%,23.27%,17837,PGEL,,0.01%
2023-12-01,32.81%,17.37%,13.09%,36.74%,314475,PRAJIND,,
2023-12-01,50.30%,22.13%,16.59%,10.80%,3613814,RELIANCE,0.18%,
2023-12-01,65.00%,4.34%,15.46%,15.20%,1503779,SAIL,0.00%,
2023-12-01,71.89%,7.40%,0.15%,20.57%,44633,SKIPPER,,
2023-12-01,13.28%,17.83%,6.16%,62.74%,3512040,SUZLON,0.00%,
2023-12-01,46.37%,18.62%,17.25%,17.60%,4184369,TATAMOTORS,0.14%,
2023-12-01,63.71%,7.74%,11.19%,17.23%,1909460,VEDL,0.07%,0.06%
2023-12-01,,23.79%,41.98%,34.21%,4994636,YESBANK,0.01%,
2023-12-01,74.98%,4.99%,12.96%,6.99%,306495,ZYDUSLIFE,0.07%,
2024-03-01,75.00%,11.89%,5.95%,7.15%,102557,ABB,,
2024-03-01,56.37%,18.15%,1.55%,23.93%,668586,ADANIGREEN,,
2024-03-01,65.89%,14.98%,11.84%,7.30%,991001,ADANIPORTS,0.00%,
2024-03-01,51.14%,17.56%,22.63%,8.66%,1364873,BEL,,
2024-03-01,63.17%,8.76%,15.95%,12.14%,1499202,BHEL,,
2024-03-01,15.00%,11.38%,23.15%,50.47%,843101,CDSL,,
2024-03-01,33.46%,25.82%,24.15%,16.36%,436154,CIPLA,0.21%,
2024-03-01,26.65%,29.13%,18.31%,25.73%,255500,DRREDDY,,0.17%
2024-03-01,45.99%,13.57%,18.57%,21.88%,943331,EXIDEIND,,
2024-03-01,71.64%,12.42%,9.58%,6.36%,714091,HAL,0.00%,
2024-03-01,64.92%,0.60%,2.98%,1.97%,422072,HINDZINC,29.54%,
2024-03-01,48.91%,1.97%,2.20%,14.69%,3679061,IDEA,32.23%,
2024-03-01,86.36%,1.08%,0.89%,11.68%,4526341,IRFC,,
2024-03-01,47.12%,19.45%,12.50%,20.77%,4399041,JIOFIN,0.14%,
2024-03-01,56.44%,18.19%,8.46%,16.91%,158446,JMFINANCIL,,
2024-03-01,57.83%,14.19%,18.36%,9.61%,97423,KAYNES,,
2024-03-01,69.45%,4.77%,6.02%,19.77%,44476,KOLTEPATIL,,
2024-03-01,25.90%,37.59%,23.40%,13.11%,681301,KOTAKBANK,,
2024-03-01,39.47%,23.98%,14.00%,21.49%,532946,KPITTECH,,1.07%
2024-03-01,27.18%,25.98%,11.78%,35.07%,356830,LAURUSLABS,,
2024-03-01,69.16%,6.73%,6.94%,17.16%,67231,MOTILALOFS,,
2024-03-01,60.79%,12.60%,14.09%,12.51%,857003,NMDC,,
2024-03-01,,60.41%,6.85%,32.75%,1231219,PAYTM,,
2024-03-01,53.70%,11.02%,10.94%,24.33%,20678,PGEL,,0.00%
2024-03-01,32.81%,18.87%,13.69%,34.64%,324849,PRAJIND,,
2024-03-01,50.31%,22.06%,16.98%,10.46%,3463276,RELIANCE,0.19%,
2024-03-01,65.00%,3.18%,15.86%,15.96%,1643073,SAIL,0.00%,
2024-03-01,66.47%,4.60%,0.20%,28.72%,59503,SKIPPER,,
2024-03-01,13.28%,19.57%,6.30%,60.85%,4355169,SUZLON,0.00%,
2024-03-01,46.36%,19.20%,16.01%,18.31%,4616908,TATAMOTORS,0.14%,
2024-03-01,61.95%,8.77%,13.15%,15.86%,1785798,VEDL,0.07%,0.18%
2024-03-01,,22.01%,41.50%,36.47%,6154888,YESBANK,0.01%,
2024-03-01,74.98%,5.72%,12.55%,6.66%,294324,ZYDUSLIFE,0.07%,
2024-06-01,75.00%,12.06%,5.64%,7.29%,132505,ABB,,
2024-06-01,57.51%,16.91%,1.46%,24.11%,742579,ADANIGREEN,,
2024-06-01,65.89%,15.19%,12.48%,6.44%,1274010,ADANIPORTS,0.00%,
2024-06-01,51.14%,17.43%,20.62%,10.82%,2518663,BEL,,
2024-06-01,63.17%,9.10%,15.03%,12.71%,1880851,BHEL,,
2024-06-01,15.00%,14.00%,24.92%,46.09%,828805,CDSL,,
2024-06-01,30.91%,27.82%,24.66%,16.40%,463569,CIPLA,0.21%,
2024-06-01,26.65%,27.68%,20.72%,24.78%,267694,DRREDDY,,0.17%
2024-06-01,45.99%,13.74%,17.87%,22.39%,1075626,EXIDEIND,,
2024-06-01,71.64%,11.68%,8.81%,7.86%,1116204,HAL,0.00%,
2024-06-01,64.92%,0.74%,3.01%,1.78%,445929,HINDZINC,29.54%,
2024-06-01,38.17%,12.67%,7.44%,17.89%,4758354,IDEA,23.80%,
2024-06-01,86.36%,1.11%,1.08%,11.45%,5108893,IRFC,,
2024-06-01,47.12%,17.55%,11.79%,23.39%,4802851,JIOFIN,0.15%,
2024-06-01,56.43%,16.83%,8.63%,18.11%,163944,JMFINANCIL,,
2024-06-01,57.83%,14.27%,17.88%,10.03%,112176,KAYNES,,
2024-06-01,69.45%,4.51%,4.96%,21.09%,48392,KOLTEPATIL,,
2024-06-01,25.89%,33.16%,27.69%,13.26%,782680,KOTAKBANK,,
2024-06-01,39.47%,22.23%,16.64%,20.63%,534018,KPITTECH,,1.02%
2024-06-01,27.18%,25.67%,13.56%,33.59%,324059,LAURUSLABS,,
2024-06-01,69.04%,6.46%,6.06%,18.42%,135984,MOTILALOFS,,
2024-06-01,60.79%,12.76%,14.31%,12.12%,893897,NMDC,,
2024-06-01,,58.25%,7.04%,34.73%,1166854,PAYTM,,
2024-06-01,53.56%,11.07%,9.89%,25.22%,35492,PGEL,,0.26%
2024-06-01,32.81%,18.55%,16.65%,31.99%,327689,PRAJIND,,
2024-06-01,50.33%,21.75%,17.30%,10.43%,3493125,RELIANCE,0.19%,
2024-06-01,65.00%,3.01%,15.72%,16.27%,1842454,SAIL,0.00%,
2024-06-01,66.48%,3.64%,0.24%,29.65%,63082,SKIPPER,,
2024-06-01,13.26%,21.53%,9.16%,56.03%,4196133,SUZLON,0.00%,
2024-06-01,46.36%,18.18%,15.93%,19.39%,5098550,TATAMOTORS,0.14%,
2024-06-01,59.31%,10.23%,14.78%,15.41%,1792821,VEDL,0.07%,0.18%
2024-06-01,,27.08%,38.10%,34.82%,6301444,YESBANK,0.01%,
2024-06-01,74.98%,5.59%,12.56%,6.81%,336309,ZYDUSLIFE,0.07%,
2024-09-01,75.00%,12.28%,5.42%,7.29%,138259,ABB,,
2024-09-01,60.93%,15.16%,1.45%,22.45%,628425,ADANIGREEN,,
2024-09-01,65.89%,15.22%,13.26%,5.62%,1186670,ADANIPORTS,0.00%,
2024-09-01,51.14%,17.27%,20.22%,11.37%,2772002,BEL,,
2024-09-01,63.17%,9.48%,14.69%,12.66%,1995266,BHEL,,
2024-09-01,15.00%,13.77%,21.57%,49.66%,1103616,CDSL,,
2024-09-01,30.93%,28.80%,23.95%,16.11%,470234,CIPLA,0.21%,
2024-09-01,26.64%,27.53%,21.48%,24.20%,310403,DRREDDY,,0.16%
2024-09-01,45.99%,12.31%,17.96%,23.73%,1196190,EXIDEIND,,
2024-09-01,71.64%,11.85%,8.37%,8.13%,1272495,HAL,0.00%,
2024-09-01,63.42%,1.01%,3.12%,2.92%,624025,HINDZINC,29.54%,
2024-09-01,37.32%,12.69%,4.86%,21.94%,5369114,IDEA,23.18%,
2024-09-01,86.36%,1.09%,1.08%,11.48%,5500054,IRFC,,
2024-09-01,47.12%,16.88%,11.39%,24.46%,4860795,JIOFIN,0.15%,
2024-09-01,56.43%,15.31%,8.57%,19.70%,162210,JMFINANCIL,,
2024-09-01,57.75%,14.92%,16.07%,11.25%,156829,KAYNES,,
2024-09-01,69.45%,3.13%,5.19%,22.24%,54799,KOLTEPATIL,,
2024-09-01,25.88%,33.39%,27.88%,12.84%,739755,KOTAKBANK,,
2024-09-01,39.47%,20.95%,17.52%,21.11%,559643,KPITTECH,,0.97%
2024-09-01,27.18%,26.08%,13.05%,33.69%,309063,LAURUSLABS,,
2024-09-01,68.86%,6.34%,6.41%,18.39%,163551,MOTILALOFS,,
2024-09-01,60.79%,12.60%,14.08%,12.52%,968552,NMDC,,
2024-09-01,,55.53%,8.29%,36.17%,1049976,PAYTM,,
2024-09-01,53.42%,10.69%,9.80%,25.91%,103595,PGEL,,0.19%
2024-09-01,32.81%,19.03%,17.34%,30.82%,349924,PRAJIND,,
2024-09-01,50.24%,21.30%,17.61%,10.67%,3834968,RELIANCE,0.19%,
2024-09-01,65.00%,2.82%,16.04%,16.15%,1988076,SAIL,0.00%,
2024-09-01,66.48%,4.39%,0.24%,28.89%,70015,SKIPPER,,
2024-09-01,13.25%,23.72%,9.02%,54.02%,4994345,SUZLON,0.00%,
2024-09-01,42.58%,20.54%,16.08%,20.49%,5727234,TATAMOTORS,0.29%,
2024-09-01,56.38%,11.45%,16.29%,15.64%,1866939,VEDL,0.07%,0.16%
2024-09-01,,27.00%,38.20%,34.78%,6247735,YESBANK,0.01%,
2024-09-01,74.98%,7.52%,10.59%,6.85%,370863,ZYDUSLIFE,0.05%,
2024-12-01,75.00%,11.85%,5.70%,7.45%,148890,ABB,,
2024-12-01,60.93%,13.68%,1.73%,23.64%,900770,ADANIGREEN,,
2024-12-01,65.89%,13.94%,14.20%,5.96%,1253858,ADANIPORTS,0.00%,
2024-12-01,51.14%,17.34%,20.94%,10.58%,2653676,BEL,,
2024-12-01,63.17%,7.98%,15.49%,13.36%,2083026,BHEL,,
2024-12-01,15.00%,17.15%,19.11%,48.74%,1173419,CDSL,,
2024-12-01,29.19%,26.65%,27.49%,16.43%,525114,CIPLA,0.23%,
2024-12-01,26.64%,26.85%,22.89%,23.46%,403669,DRREDDY,,0.16%
2024-12-01,45.99%,11.72%,17.64%,24.63%,1281235,EXIDEIND,,
2024-12-01,71.64%,12.26%,8.13%,7.95%,1275632,HAL,0.03%,
2024-12-01,63.42%,1.38%,4.12%,3.16%,694430,HINDZINC,27.92%,
2024-12-01,37.32%,10.17%,4.28%,25.05%,5976507,IDEA,23.18%,
2024-12-01,86.36%,1.01%,1.24%,11.40%,5540767,IRFC,,
2024-12-01,47.12%,15.62%,12.46%,24.61%,4978984,JIOFIN,0.17%,
2024-12-01,56.43%,17.02%,7.20%,19.36%,189596,JMFINANCIL,,
2024-12-01,57.75%,14.84%,15.04%,12.37%,192214,KAYNES,,
2024-12-01,69.45%,3.05%,5.96%,21.54%,55264,KOLTEPATIL,,
2024-12-01,25.88%,32.48%,28.79%,12.83%,746602,KOTAKBANK,,
2024-12-01,39.47%,17.35%,20.41%,21.82%,618571,KPITTECH,,0.93%
2024-12-01,27.62%,25.56%,12.74%,34.09%,292214,LAURUSLABS,,
2024-12-01,68.71%,5.88%,6.39%,19.01%,226754,MOTILALOFS,,
2024-12-01,60.79%,12.12%,14.46%,12.62%,1049959,NMDC,,
2024-12-01,,56.20%,11.88%,31.93%,989752,PAYTM,,
2024-12-01,49.37%,10.29%,16.22%,24.11%,135421,PGEL,,0.00%
2024-12-01,32.81%,18.63%,18.19%,30.38%,353099,PRAJIND,,
2024-12-01,50.13%,19.16%,19.02%,11.52%,4714959,RELIANCE,0.18%,
2024-12-01,65.00%,2.59%,15.86%,16.55%,2040669,SAIL,0.00%,
2024-12-01,66.48%,4.82%,0.48%,28.23%,90627,SKIPPER,,
2024-12-01,13.25%,22.87%,9.31%,54.56%,5468871,SUZLON,0.00%,
2024-12-01,42.58%,18.66%,16.54%,21.91%,6462123,TATAMOTORS,0.31%,
2024-12-01,56.38%,12.02%,15.49%,15.92%,1999975,VEDL,0.07%,0.11%
2024-12-01,,26.74%,38.84%,34.42%,6283710,YESBANK,0.01%,
2024-12-01,74.98%,7.53%,10.61%,6.85%,365356,ZYDUSLIFE,0.05%,
2025-03-01,75.00%,10.27%,7.01%,7.70%,171077,ABB,,
2025-03-01,60.93%,12.45%,2.40%,24.22%,995700,ADANIGREEN,,
2025-03-01,65.89%,13.43%,14.73%,5.94%,1262911,ADANIPORTS,0.00%,
2025-03-01,51.14%,17.55%,20.87%,10.43%,2678435,BEL,,
2025-03-01,63.17%,7.19%,16.34%,13.29%,2120567,BHEL,,
2025-03-01,15.00%,11.34%,15.41%,58.25%,1529589,CDSL,,
2025-03-01,29.20%,26.28%,27.89%,16.36%,543420,CIPLA,0.26%,
2025-03-01,26.64%,25.75%,25.63%,21.69%,459605,DRREDDY,,0.29%
2025-03-01,45.99%,11.60%,17.15%,25.25%,1338262,EXIDEIND,,
2025-03-01,71.64%,12.08%,8.26%,7.97%,1352377,HAL,0.04%,
2025-03-01,63.42%,1.43%,4.14%,3.10%,712884,HINDZINC,27.92%,
2025-03-01,38.80%,10.10%,4.90%,23.55%,6054755,IDEA,22.63%,
2025-03-01,86.36%,0.98%,1.34%,11.32%,5635775,IRFC,,
2025-03-01,47.12%,11.66%,14.21%,26.83%,5259483,JIOFIN,0.17%,
2025-03-01,56.50%,17.48%,7.07%,18.94%,187163,JMFINANCIL,,
2025-03-01,57.75%,11.17%,16.98%,14.10%,230533,KAYNES,,
2025-03-01,69.45%,4.15%,5.59%,20.81%,54497,KOLTEPATIL,,
2025-03-01,25.88%,32.65%,29.13%,12.34%,705616,KOTAKBANK,,
2025-03-01,39.47%,17.17%,21.29%,21.15%,615957,KPITTECH,,0.89%
2025-03-01,27.62%,25.51%,11.78%,35.09%,292905,LAURUSLABS,,
2025-03-01,68.45%,6.01%,5.71%,19.83%,287331,MOTILALOFS,,
2025-03-01,60.79%,11.72%,15.12%,12.35%,1120681,NMDC,,
2025-03-01,,55.39%,14.02%,30.60%,967955,PAYTM,,
2025-03-01,49.37%,10.45%,16.37%,23.80%,158667,PGEL,,0.00%
2025-03-01,32.81%,17.16%,19.51%,30.52%,351432,PRAJIND,,
2025-03-01,50.10%,19.07%,19.36%,11.29%,4765728,RELIANCE,0.17%,
2025-03-01,65.00%,3.21%,15.75%,16.05%,2046326,SAIL,0.00%,
2025-03-01,66.48%,5.13%,0.30%,28.08%,95774,SKIPPER,,
2025-03-01,13.25%,23.04%,8.73%,54.98%,5674619,SUZLON,0.00%,
2025-03-01,42.58%,17.84%,16.88%,22.39%,6728246,TATAMOTORS,0.31%,
2025-03-01,56.38%,11.15%,16.38%,15.89%,2046988,VEDL,0.07%,0.13%
2025-03-01,,26.88%,39.52%,33.60%,6327641,YESBANK,0.01%,
2025-03-01,75.00%,7.31%,10.95%,6.69%,371619,ZYDUSLIFE,0.05%,
2025-04-01,25.57%,6.56%,3.41%,15.44%,6077186,IDEA,49.02%,
